Station Name,Street Address,ZIP,EV Level2 EVSE Num,EV DC Fast Count,EV Network,Latitude,Longitude,EV Connector Types,Facility Type
Star Nissan,20602 Northern Blvd,11361,1.0,0.0,Non-Networked,40.758245,-73.776954,J1772,CAR_DEALER
Kings Nissan,2758 Coney Island Ave,11235,1.0,0.0,Non-Networked,40.589167,-73.960707,J1772,CAR_DEALER
Nissan of Queens,9325 Rockaway Blvd,11417,1.0,0.0,Non-Networked,40.68106,-73.84554,J1772,CAR_DEALER
Dana Ford Lincoln,266 W Service Rd,10314,1.0,0.0,Non-Networked,40.587162,-74.194747,J1772,CAR_DEALER
Bay Ridge Municipal Parking Garage,8501 5th Ave,11209,5.0,0.0,EV Connect,40.621698,-74.02567,J1772,
St. George Courthouse,54 Central Ave,10301,3.0,0.0,EV Connect,40.639469,-74.076912,J1772,
Koeppel Nissan,74-15 Northern Blvd,11372,2.0,1.0,Non-Networked,40.755072,-73.892094,CHADEMO J1772 J1772COMBO,CAR_DEALER
Jerome 190th Street Municipal Parking,2478 Jerome Avenue,10468,5.0,0.0,EV Connect,40.86334,-73.900066,J1772,
Nissan of Staten Island,1976 Hylan Blvd,10306,1.0,0.0,Non-Networked,40.581432,-74.097694,J1772,CAR_DEALER
Mott Street Parking - Tesla Supercharger,106 Mott Street,10013,0.0,2.0,Tesla,40.717522,-73.997302,TESLA,
W 75th Parking Garage - Tesla Supercharger,201 W 75th Street,10023,0.0,4.0,Tesla,40.780976,-73.980414,TESLA,
E 47th Street - Tesla Supercharger,212 East 47th Street,10017,0.0,4.0,Tesla,40.753356,-73.971685,TESLA,
WCS NS1 BOSTON RD,Boston Rd,10460,1.0,0.0,ChargePoint Network,40.846205,-73.876513,J1772,
Astoria Central Parking - Tesla Destination,31-57 31st St,11106,4.0,0.0,Tesla Destination,40.762502,-73.924507,TESLA,PAY_GARAGE
Century Parking Corp - Tesla Destination,2600 Netherland Ave,10463,4.0,0.0,Tesla Destination,40.878532,-73.916201,TESLA,PAY_GARAGE
Standard Parking 1360 Fulton Street - Tesla Destination,1360 Fulton St,11216,2.0,0.0,Tesla Destination,40.680168,-73.946022,TESLA,PAY_GARAGE
Standard Parking 15 Metrotech - Tesla Destination,15 Metrotech Ctr S,11201,3.0,0.0,Tesla Destination,40.693999,-73.983809,J1772 TESLA,PAY_GARAGE
Quik Park Armory Parking Inc. - Tesla Destination,172 Vanderbilt,11205,2.0,0.0,Tesla Destination,40.692635,-73.969935,TESLA,PAY_GARAGE
Discount Parking 180 Ashland Place - Tesla Destination,180 Ashland Pl,11217,2.0,0.0,Tesla Destination,40.689457,-73.978606,TESLA,PAY_GARAGE
iPark 22/34 N 6th Garage Corp - Tesla Destination,22 N 5th St,11211,4.0,0.0,Tesla Destination,40.719338,-73.963081,J1772 TESLA,PAY_GARAGE
Parkright 257 Gold Street - Tesla Destination,257 Gold St,11201,3.0,0.0,Tesla Destination,40.696848,-73.983071,J1772 TESLA,HOTEL
Standard Parking Pierepoint Plaza - Tesla Destination,300 Cadman,11201,3.0,0.0,Tesla Destination,40.695115,-73.990993,J1772 TESLA,PAY_GARAGE
Enterprise 309 Gold Street - Tesla Destination,309 Gold St,11201,3.0,0.0,Tesla Destination,40.694841,-73.982849,J1772 TESLA,HOTEL
Standard Parking 1 Metrotech - Tesla Destination,351 Jay St,11201,3.0,0.0,Tesla Destination,40.69306,-73.987222,J1772 TESLA,PAY_GARAGE
GGMC Belltel Car Park - Tesla Destination,356 Bridge St,11201,3.0,0.0,Tesla Destination,40.692579,-73.985252,J1772 TESLA,PAY_GARAGE
Quik Park 365 Management LLC - Tesla Destination,365 Bond St,11231,3.0,0.0,Tesla Destination,40.677412,-73.990986,J1772 TESLA,PAY_GARAGE
GMC 388 Bridge Street - Tesla Destination,388 Bridge St,11201,3.0,0.0,Tesla Destination,40.691469,-73.985446,TESLA,PAY_GARAGE
Quik Park Brooklyn Bridge LLC - Tesla Destination,4 Joralemon St,11201,3.0,0.0,Tesla Destination,40.692941,-74.000298,J1772 TESLA,PAY_GARAGE
Rapidpark 44 State Street - Tesla Destination,44 State St,11201,3.0,0.0,Tesla Destination,40.692062,-73.99816,J1772 TESLA,PAY_GARAGE
Park Kwik LLC 50 Washington St. - Tesla Destination,45 Main St,11201,3.0,0.0,Tesla Destination,40.702882,-73.990594,J1772 TESLA,PAY_GARAGE
Kings County Parking - Tesla Destination,581 Clarkson Ave,11203,2.0,0.0,Tesla Destination,40.65601,-73.940902,TESLA,PAY_GARAGE
1 Hotel Brooklyn Bridge - Tesla Destination,60 Furman St,11201,7.0,0.0,Tesla Destination,40.701461,-73.995566,J1772 TESLA,HOTEL
"Littleman Driggs Parking, LLC - Tesla Destination",626 Driggs Ave,11211,3.0,0.0,Tesla Destination,40.715033,-73.958595,J1772 TESLA,PAY_GARAGE
GGMC Parking 66 Rockwell Pl Garage - Tesla Destination,66 Rockwell Pl,11217,3.0,0.0,Tesla Destination,40.688086,-73.979234,J1772 TESLA,PAY_GARAGE
Standard Parking 200 Cadman Plaza West - Tesla Destination,75 Henry St,11221,3.0,0.0,Tesla Destination,40.698707,-73.992365,J1772 TESLA,PAY_GARAGE
GGMC Parking 75 Smith St Garage - Tesla Destination,75 Smith St,11201,3.0,0.0,Tesla Destination,40.689016,-73.988672,J1772 TESLA,PAY_GARAGE
Standard Parking 2 Metrotech - Tesla Destination,8 Metrotech Ctr S,11201,3.0,0.0,Tesla Destination,40.693122,-73.985696,J1772 TESLA,PAY_GARAGE
Quik Park 81 Fleet Place LLC - Tesla Destination,81 Fleet Pl,11201,3.0,0.0,Tesla Destination,40.693248,-73.981744,J1772 TESLA,PAY_GARAGE
Rapidpark 906 Union Street - Tesla Destination,906 Union St,11215,3.0,0.0,Tesla Destination,40.672884,-73.971541,J1772 TESLA,PAY_GARAGE
MPG 100 Jay Street - Tesla Destination,100 Jay St,10021,3.0,0.0,Tesla Destination,40.702194,-73.98672,J1772 TESLA,PAY_GARAGE
imPark 101 Bedford Ave - Tesla Destination,101 Bedford Ave,11211,3.0,0.0,Tesla Destination,40.719751,-73.954866,J1772 TESLA,PAY_GARAGE
Hampton Inn LaGuardia Airport - Tesla Destination,102-40 Ditmars Blvd,11369,1.0,0.0,Tesla Destination,40.767948,-73.867784,TESLA,HOTEL
MPG The Shops at Skyview - Tesla Destination,40-24 College Point Blvd,11354,3.0,0.0,Tesla Destination,40.75674,-73.836223,TESLA,PAY_GARAGE
Sylvan Pinnacle Garage - Tesla Destination,112-01 Queens Blvd,11375,4.0,0.0,Tesla Destination,40.718526,-73.83648,TESLA,PAY_GARAGE
MPG 1-50 51st Ave - Tesla Destination,1-50 51st Ave,11101,4.0,0.0,Tesla Destination,40.743049,-73.959245,TESLA,PAY_GARAGE
iPark 43-25 Hunter Street - Tesla Destination,43-25 Hunter St,11101,8.0,0.0,Tesla Destination,40.747589,-73.942612,TESLA,PAY_GARAGE
Little Man Parking (Queens West) - Tesla Destination,4-76 47th Ave,11109,3.0,0.0,Tesla Destination,40.745627,-73.955638,J1772 TESLA,PAY_GARAGE
Icon Parking 235 W 48th - Tesla Destination,235 W 48th St,10036,4.0,0.0,Tesla Destination,40.76073,-73.985995,TESLA,PAY_GARAGE
Icon Parking 360 E 65th - Tesla Destination,360 E 65th St,10065,4.0,0.0,Tesla Destination,40.766853,-73.967711,TESLA,PAY_GARAGE
Icon Parking 205 E 63rd St - Tesla Destination,205 E 63rd St,10065,2.0,0.0,Tesla Destination,40.763981,-73.964368,TESLA,PAY_GARAGE
MPG 10 E 102nd Street - Tesla Destination,10 E 102nd St,10029,3.0,0.0,Tesla Destination,40.79136,-73.952155,J1772 TESLA,PAY_GARAGE
Rapidpark 10 E 30th Street - Tesla Destination,10 E 30th St,10016,3.0,0.0,Tesla Destination,40.74556,-73.985539,J1772 TESLA,PAY_GARAGE
Icon Parking 1056 5th Avenue - Tesla Destination,10 E 87th St,10028,3.0,0.0,Tesla Destination,40.782031,-73.959484,J1772 TESLA,PAY_GARAGE
iPark 10 West 15th - Tesla Destination,10 W 15th,10011,3.0,0.0,Tesla Destination,40.737171,-73.994331,J1772 TESLA,PAY_GARAGE
GGMC Parking 10 W 66th St Garage - Tesla Destination,10 W 66th St,10023,2.0,0.0,Tesla Destination,40.772742,-73.979503,TESLA,PAY_GARAGE
GGMC Parking Union Square Parking Garage - Tesla Destination,100 E 15th St,10003,6.0,0.0,Tesla Destination,40.734939,-73.989409,J1772 TESLA,PAY_GARAGE
Icon Parking 100 Riverside Blvd. - Tesla Destination,100 Riverside Blvd,10024,3.0,0.0,Tesla Destination,40.775474,-73.989763,J1772 TESLA,PAY_GARAGE
Rapidpark 600 Columbus Ave-QBDestinationSiteID52405 - Tesla Destination,100 W 89th,10024,3.0,0.0,Tesla Destination,40.788614,-73.97118,J1772 TESLA,PAY_GARAGE
Champion Parking E 16th Street - Tesla Destination,101 E 16th St,10003,3.0,0.0,Tesla Destination,40.735736,-73.988745,J1772 TESLA,PAY_GARAGE
Icon Parking 101 W 15th - Tesla Destination,101 W 15th St,10011,4.0,0.0,Tesla Destination,40.738371,-73.99688,TESLA,PAY_GARAGE
iPark NYC 88th Street Garage - Tesla Destination,101 W 88th St,10024,3.0,0.0,Tesla Destination,40.788008,-73.971611,J1772 TESLA,PAY_GARAGE
Icon Parking 101 West End Ave - Tesla Destination,101 West End Ave,10023,3.0,0.0,Tesla Destination,40.775065,-73.988572,J1772 TESLA,PAY_GARAGE
ABM Parking 475 Park Ave South LLC - Tesla Destination,104 E 32nd St,10016,2.0,0.0,Tesla Destination,40.745603,-73.98185,TESLA,PAY_GARAGE
Rapidpark 99 Park Ave - Tesla Destination,105 E 39th,10016,3.0,0.0,Tesla Destination,40.750013,-73.978525,J1772 TESLA,PAY_GARAGE
iPark 107 West 13th Street - Tesla Destination,107 W 13th St,10011,3.0,0.0,Tesla Destination,40.736973,-73.99787,J1772 TESLA,PAY_GARAGE
Icon Parking 11 5th Ave - Tesla Destination,11 5th Ave,10003,3.0,0.0,Tesla Destination,40.732085,-73.995829,J1772 TESLA,PAY_GARAGE
iPark NYC 1025 83rd - Tesla Destination,11 E 83rd St,10028,3.0,0.0,Tesla Destination,40.779211,-73.960949,J1772 TESLA,PAY_GARAGE
GMC 111 E 82nd St - Tesla Destination,111 E 82nd St,10065,3.0,0.0,Tesla Destination,40.77735,-73.958352,J1772 TESLA,PAY_GARAGE
iPark 112 E 65th Street - Tesla Destination,112 E 65th St,10065,3.0,0.0,Tesla Destination,40.766495,-73.9667,J1772 TESLA,PAY_GARAGE
Quik Park 1133 Garage LLC - Tesla Destination,1133 6th Ave,10036,3.0,0.0,Tesla Destination,40.755856,-73.984313,J1772 TESLA,PAY_GARAGE
iPark 1510 Lex Garage Corp. - Tesla Destination,116 E 98th St,10029,3.0,0.0,Tesla Destination,40.787402,-73.950546,TESLA,PAY_GARAGE
ABM Parking 750 Lexington Ave LLC - Tesla Destination,118 E 60th St,10022,3.0,0.0,Tesla Destination,40.76306,-73.968409,TESLA,PAY_GARAGE
Icon Parking 12 East 9th Street - Tesla Destination,12 E 9th St,10003,3.0,0.0,Tesla Destination,40.732519,-73.995135,J1772 TESLA,PAY_GARAGE
MPG 121 Reade Street - Tesla Destination,121 Reade St,10013,3.0,0.0,Tesla Destination,40.716268,-74.009491,J1772 TESLA,PAY_GARAGE
GMC Parking Narragansett - Tesla Destination,124 E 63rd St,10065,3.0,0.0,Tesla Destination,40.7758,-73.95087,J1772 TESLA,PAY_GARAGE
Rapidpark 124 W 20th Street - Tesla Destination,124 W 20th St,10011,3.0,0.0,Tesla Destination,40.741554,-73.995403,J1772 TESLA,HOTEL
Quik Park Garden Lots LLC - Tesla Destination,126 West 32nd St,10001,3.0,0.0,Tesla Destination,40.749073,-73.990032,J1772 TESLA,PAY_GARAGE
ABM Parking 13 East 54th Street LLC - Tesla Destination,13-17 E 54th St,10022,2.0,0.0,Tesla Destination,40.760648,-73.974193,TESLA,PAY_GARAGE
New York Hilton Midtown - Tesla Destination,1335 Avenue of the Americas,10019,2.0,0.0,Tesla Destination,40.762234,-73.979036,TESLA,HOTEL
Icon Parking 1350 Avenue of the Americas - Tesla Destination,1350 6th Ave,10019,3.0,0.0,Tesla Destination,40.762855,-73.977795,J1772 TESLA,PAY_GARAGE
Icon Parking 14-26 William Street - Tesla Destination,14-26 William St,10004,3.0,0.0,Tesla Destination,40.704514,-74.01074,J1772 TESLA,PAY_GARAGE
Icon Parking OMNI - Tesla Destination,143-159 W 68th St,10023,3.0,0.0,Tesla Destination,40.77592,-73.98313,J1772 TESLA,PAY_GARAGE
Rapidpark 148 E 33rd Street - Tesla Destination,148 E 33rd St,10016,3.0,0.0,Tesla Destination,40.745432,-73.97956,J1772 TESLA,PAY_GARAGE
Rapidpark 15 W 72nd Street - Tesla Destination,15 W 72nd St,10023,3.0,0.0,Tesla Destination,40.776813,-73.977083,J1772 TESLA,PAY_GARAGE
Icon Parking 150 Charles Street - Tesla Destination,150 Charles St,10014,3.0,0.0,Tesla Destination,40.734006,-74.009079,J1772 TESLA,PAY_GARAGE
Rapidpark 150 East 77th Street - Tesla Destination,150 E 77th St,10021,3.0,0.0,Tesla Destination,40.773256,-73.959334,J1772 TESLA,PAY_GARAGE
Standard Parking 151 W 17th Street - Tesla Destination,151 W 17th St,10011,3.0,0.0,Tesla Destination,40.740243,-73.997591,J1772 TESLA,PAY_GARAGE
Icon Parking 155 E 29th Street - Tesla Destination,155 E 29th St,10016,3.0,0.0,Tesla Destination,40.742821,-73.980913,J1772 TESLA,HOTEL
City Parking Garment One Garage - Tesla Destination,155 E 34th St,10016,3.0,0.0,Tesla Destination,40.746022,-73.978693,J1772 TESLA,PAY_GARAGE
Prime Parking Systems - 155 E 68th Street - Tesla Destination,155 E 68th St,10065,3.0,0.0,Tesla Destination,40.767743,-73.963665,J1772 TESLA,PAY_GARAGE
Champion Parking W 53rd Street - Tesla Destination,159 W 53rd St,10019,3.0,0.0,Tesla Destination,40.763279,-73.98086,J1772 TESLA,PAY_GARAGE
Icon Parking 16 W 16th Street - Tesla Destination,16 W 16th St,10011,3.0,0.0,Tesla Destination,40.737891,-73.994058,J1772 TESLA,PAY_GARAGE
GGMC Parking Alfred - Tesla Destination,161 W 61st St,10023,3.0,0.0,Tesla Destination,40.771555,-73.986428,J1772 TESLA,PAY_GARAGE
iPark NYC E 77th Street - Tesla Destination,165 E 77th St,10014,3.0,0.0,Tesla Destination,40.773415,-73.959234,J1772 TESLA,PAY_GARAGE
Parkright 169 Ludlow Street - Tesla Destination,169 Ludlow St,10012,3.0,0.0,Tesla Destination,40.721713,-73.987533,J1772 TESLA,PAY_GARAGE
Icon Parking 169 W 95th Street - Tesla Destination,169 W 95th St,10025,3.0,0.0,Tesla Destination,40.793158,-73.970319,J1772 TESLA,PAY_GARAGE
Residence Inn New York Manhattan - Tesla Destination,1717 Broadway,10019,2.0,0.0,Tesla Destination,40.764261,-73.982974,J1772 TESLA,HOTEL
Quikpark 173 W 12th Street - Tesla Destination,173 W 12th St,10011,3.0,0.0,Tesla Destination,40.737108,-74.000358,J1772 TESLA,PAY_GARAGE
Quik Park Hudson 180 LLC - Tesla Destination,180 Riverside Blvd,10069,3.0,0.0,Tesla Destination,40.778412,-73.988294,J1772 TESLA,PAY_GARAGE
iPark NYC 183 E 73rd Street - Tesla Destination,184 E 73rd St,10021,3.0,0.0,Tesla Destination,40.770601,-73.960531,J1772 TESLA,HOTEL
Icon Parking 240 East Broadway - Tesla Destination,188 Clinton St,10002,3.0,0.0,Tesla Destination,40.714821,-73.987138,J1772 TESLA,PAY_GARAGE
Glenwood Grand Tier Parking - Tesla Destination,1930 Broadway,10023,2.0,0.0,Tesla Destination,40.772574,-73.981951,TESLA,PAY_GARAGE
Standard Parking 20 W 13th Street - Tesla Destination,20 W 13th St,10011,3.0,0.0,Tesla Destination,40.735706,-73.995058,J1772 TESLA,PAY_GARAGE
Central Parking 200 Chambers - Tesla Destination,200 Chambers St,10007,3.0,0.0,Tesla Destination,40.716256,-74.012543,J1772 TESLA,PAY_GARAGE
Icon Parking 200 E 32nd Street - Tesla Destination,200 E 32nd St,10016,3.0,0.0,Tesla Destination,40.744916,-73.980228,J1772 TESLA,PAY_GARAGE
Icon Parking 200 E 65th Street - Tesla Destination,200 E 65th St,10021,3.0,0.0,Tesla Destination,40.765108,-73.963389,J1772 TESLA,PAY_GARAGE
Enterprise Parking 200 E 69th St - Tesla Destination,200 E 69th St,10065,2.0,0.0,Tesla Destination,40.767615,-73.961509,TESLA,PAY_GARAGE
iPark 200 E 70th Street - Tesla Destination,200 E 70th St,10021,3.0,0.0,Tesla Destination,40.768283,-73.961149,J1772 TESLA,PAY_GARAGE
iPark NYC The Carnegie Garage - Tesla Destination,200 E 94th St,10128,3.0,0.0,Tesla Destination,40.783536,-73.949507,J1772 TESLA,PAY_GARAGE
GMC Copley Parking - Tesla Destination,2000 Broadway,10023,3.0,0.0,Tesla Destination,40.775283,-73.981627,TESLA,PAY_GARAGE
MPG 201 E 56th - Tesla Destination,201 E 56th,10022,3.0,0.0,Tesla Destination,40.759437,-73.96767,J1772 TESLA,PAY_GARAGE
Icon Parking 203 E 61 Street - Tesla Destination,203 E 61 St,10021,3.0,0.0,Tesla Destination,40.762678,-73.965447,J1772 TESLA,PAY_GARAGE
Rapidpark 204 W 101st Street - Tesla Destination,204 W 101st St,10025,3.0,0.0,Tesla Destination,40.797359,-73.968718,J1772 TESLA,PAY_GARAGE
Champion Parking W 76th Street - Tesla Destination,205 W 76th St,10023,3.0,0.0,Tesla Destination,40.781547,-73.980475,J1772 TESLA,PAY_GARAGE
Icon Parking 810 Seventh Ave - Tesla Destination,207 W 52nd St,10019,3.0,0.0,Tesla Destination,40.762568,-73.982718,J1772 TESLA,PAY_GARAGE
Standard Parking 21 East 15th Street - Tesla Destination,21 E 15th St,10003,3.0,0.0,Tesla Destination,40.736293,-73.991939,J1772 TESLA,PAY_GARAGE
Rapidpark 210 W 102nd Street - Tesla Destination,210 W 102st St,10025,3.0,0.0,Tesla Destination,40.798108,-73.968204,J1772 TESLA,PAY_GARAGE
Champion Parking 74 LLC - Tesla Destination,2109 Broadway,10023,3.0,0.0,Tesla Destination,40.780027,-73.982823,J1772 TESLA,PAY_GARAGE
GGMC Parking Seven Eleven (Located at 217 E 44th St) - Tesla Destination,217 E 44th St,10017,3.0,0.0,Tesla Destination,40.751867,-73.972873,J1772 TESLA,PAY_GARAGE
Icon Parking 220 Riverside Blvd - Tesla Destination,220 Riverside Blvd,10024,6.0,0.0,Tesla Destination,40.779338,-73.987493,J1772 TESLA,PAY_GARAGE
iPark 200 West Garage Corp. - Tesla Destination,220 W 26th St,10001,3.0,0.0,Tesla Destination,40.746304,-73.995064,J1772 TESLA,PAY_GARAGE
Parkit 221 Thompson Street - Tesla Destination,221 Thompson St,10012,3.0,0.0,Tesla Destination,40.729234,-73.999013,J1772 TESLA,PAY_GARAGE
Icon Parking 225 W 83 Street - Tesla Destination,225 W 83rd St,10024,3.0,0.0,Tesla Destination,40.786099,-73.977303,J1772 TESLA,PAY_GARAGE
Quik Park Broadway Garage LLC - Tesla Destination,225-251 W 56th St,10019,3.0,0.0,Tesla Destination,40.765844,-73.982481,J1772 TESLA,PAY_GARAGE
GGMC Yorkville Car Park - Tesla Destination,230 E 92nd St,10128,3.0,0.0,Tesla Destination,40.782212,-73.95023,J1772 TESLA,PAY_GARAGE
Champion Parking 230 W 55th Street - Tesla Destination,230 W 55th St,10019,3.0,0.0,Tesla Destination,40.764748,-73.982676,J1772 TESLA,PAY_GARAGE
Icon Parking 237 West Thames - Tesla Destination,237 W Thames,10280,3.0,0.0,Tesla Destination,40.708165,-74.016641,J1772 TESLA,PAY_GARAGE
Icon 299 Peal Street Seaport Parking - Tesla Destination,238 Pearl St,10069,3.0,0.0,Tesla Destination,40.707679,-74.004687,J1772 TESLA,PAY_GARAGE
iPark 245 East 63rd Street - Tesla Destination,245 East 63rd St,10025,3.0,0.0,Tesla Destination,40.76332,-73.962938,J1772 TESLA,PAY_GARAGE
GGMC Ruppert Car Park - Tesla Destination,245 E 90th St,10128,3.0,0.0,Tesla Destination,40.78098,-73.951145,J1772 TESLA,PAY_GARAGE
iPark NYC 246 E 45 Street - Tesla Destination,246 E 45th St,10017,3.0,0.0,Tesla Destination,40.751847,-73.971348,J1772 TESLA,PAY_GARAGE
iPark NYC 250 West Parking - Tesla Destination,250 W 19th St,10011,3.0,0.0,Tesla Destination,40.742407,-73.999351,J1772 TESLA,PAY_GARAGE
Quik Park Columbia Garage LLC - Tesla Destination,250 W. 97th St,10025,3.0,0.0,Tesla Destination,40.795624,-73.971961,J1772 TESLA,PAY_GARAGE
Quik Park 40 Riverside Blvd - Tesla Destination,251 W 62nd St,10282,3.0,0.0,Tesla Destination,40.77373,-73.989713,J1772 TESLA,PAY_GARAGE
Rapidpark 25-27 Beekman Street - Tesla Destination,25-27 Beekman St,10038,3.0,0.0,Tesla Destination,40.710786,-74.006017,J1772 TESLA,PAY_GARAGE
Rapidpark 254 W 79th Street - Tesla Destination,254 W 79th St,10024,3.0,0.0,Tesla Destination,40.78411,-73.980641,J1772 TESLA,PAY_GARAGE
MPG 266 E 97 St - Tesla Destination,266 E 97th St,10021,3.0,0.0,Tesla Destination,40.785296,-73.947487,J1772 TESLA,PAY_GARAGE
Parkit 27 N Moore Street - Tesla Destination,27 N Moore St,10013,3.0,0.0,Tesla Destination,40.719869,-74.007447,J1772 TESLA,PAY_GARAGE
iPark 455 Central Park West - Tesla Destination,27 W 105th St,10025,3.0,0.0,Tesla Destination,40.797743,-73.960441,J1772 TESLA,PAY_GARAGE
Standard Parking 270 Greenwich - Tesla Destination,270 Greenwich St,10007,3.0,0.0,Tesla Destination,40.715071,-74.012203,J1772 TESLA,PAY_GARAGE
Icon Parking 279 East 65th Street - Tesla Destination,279 E 65th St,10065,3.0,0.0,Tesla Destination,40.764552,-73.962034,J1772 TESLA,PAY_GARAGE
ABM Parking Services 285 W 50th Street LLC - Tesla Destination,285 W 50th St,10019,3.0,0.0,Tesla Destination,40.762411,-73.984495,J1772 TESLA,PAY_GARAGE
Parkright 39 E 29th Street - Tesla Destination,29 East 29th St,10016,3.0,0.0,Tesla Destination,40.744244,-73.984116,J1772 TESLA,HOTEL
iPark 3 E 67th Street - Tesla Destination,3 E 67th St,10065,3.0,0.0,Tesla Destination,40.769061,-73.96876,J1772 TESLA,PAY_GARAGE
Icon Parking 30 W 63rd St - Tesla Destination,30 W 63rd St,10023,2.0,0.0,Tesla Destination,40.770772,-73.981795,TESLA,PAY_GARAGE
GGMC Parking Connaught - Tesla Destination,300 E 54th St,10022,3.0,0.0,Tesla Destination,40.757146,-73.966135,J1772 TESLA,PAY_GARAGE
Icon Parking 300 E 59th Street - Tesla Destination,300 E 59th St,10022,3.0,0.0,Tesla Destination,40.760462,-73.964086,J1772 TESLA,PAY_GARAGE
GGMC Parking E 74th Street - Tesla Destination,300 E 74th St,10021,3.0,0.0,Tesla Destination,40.769947,-73.956989,J1772 TESLA,PAY_GARAGE
Parkright 300 E 77th St - Tesla Destination,300 East 77th St,10075,3.0,0.0,Tesla Destination,40.771794,-73.955624,J1772 TESLA,HOTEL
Icon Parking 301 E 57 Street - Tesla Destination,301 E 57th St,10022,3.0,0.0,Tesla Destination,40.759127,-73.964684,J1772 TESLA,PAY_GARAGE
Parkit 301 E 64th - Tesla Destination,301 E 64th St,10065,3.0,0.0,Tesla Destination,40.763488,-73.961323,J1772 TESLA,PAY_GARAGE
Icon Parking 308 Greenwich - Tesla Destination,308 Greenwich St,10013,3.0,0.0,Tesla Destination,40.717686,-74.010613,J1772 TESLA,HOTEL
Parkit 310 E 11th Street - Tesla Destination,310 E 11th St,10003,3.0,0.0,Tesla Destination,40.730017,-73.985512,J1772 TESLA,PAY_GARAGE
Waldorf Astoria New York - Tesla Destination,310 Park Ave,10022,2.0,0.0,Tesla Destination,40.756722,-73.97406,TESLA,HOTEL
Quik Park 311 West Broadway LLC - Tesla Destination,311 W Broadway,10013,2.0,0.0,Tesla Destination,40.721801,-74.004237,TESLA,PAY_GARAGE
Icon Parking 322 23rd Street - Tesla Destination,318-322 E 23rd St,10010,3.0,0.0,Tesla Destination,40.737533,-73.980437,J1772 TESLA,PAY_GARAGE
Quik Park 32 Debrosses LLC - Tesla Destination,32 Debrosses St,10013,3.0,0.0,Tesla Destination,40.723617,-74.010915,J1772 TESLA,PAY_GARAGE
Glenwood Belmont Parking - Tesla Destination,320 E 46th St,10021,2.0,0.0,Tesla Destination,40.760098,-73.988828,J1772 TESLA,PAY_GARAGE
Champion Parking W 57th Street - Tesla Destination,320 W 57th St,10019,3.0,0.0,Tesla Destination,40.76696,-73.983569,J1772 TESLA,PAY_GARAGE
GGMC Parking 8 E 33rd St Garage - Tesla Destination,325 East 5th Ave,10016,3.0,0.0,Tesla Destination,40.747478,-73.98504,J1772 TESLA,PAY_GARAGE
Icon Parking E 48th Street - Tesla Destination,329 E 48th St,10017,3.0,0.0,Tesla Destination,40.753079,-73.968032,J1772 TESLA,PAY_GARAGE
Icon Parking 330 E 39th Street - Tesla Destination,330 E 39th St,10016,3.0,0.0,Tesla Destination,40.746851,-73.972901,J1772 TESLA,PAY_GARAGE
Icon Parking 330 W 58th Street - Tesla Destination,330 W 58th St,10019,3.0,0.0,Tesla Destination,40.767879,-73.983656,J1772 TESLA,PAY_GARAGE
Apple Parking 332 W 11th Street - Tesla Destination,332 W 11th St,10014,3.0,0.0,Tesla Destination,40.735597,-74.007693,TESLA,PAY_GARAGE
iPark NYC 333 E 38th NYU - Tesla Destination,333 E 38th St,10016,3.0,0.0,Tesla Destination,40.746565,-73.971591,J1772 TESLA,PAY_GARAGE
Standard Parking Gateway Plaza Garage - Tesla Destination,339 South End Ave,10280,3.0,0.0,Tesla Destination,40.711145,-74.016332,J1772 TESLA,PAY_GARAGE
MPG 340 East 93rd - Tesla Destination,340 E 93rd St,10128,3.0,0.0,Tesla Destination,40.781413,-73.946377,J1772 TESLA,PAY_GARAGE
Rapidpark 340 94th Street - Tesla Destination,340 E 94th St,10128,3.0,0.0,Tesla Destination,40.782091,-73.946029,J1772 TESLA,PAY_GARAGE
iPark NYC 345 East Garage - Tesla Destination,345 East 80th St,10075,3.0,0.0,Tesla Destination,40.773225,-73.952643,J1772 TESLA,PAY_GARAGE
Rapidpark 35 E 75th Street - Tesla Destination,35 E 75th St,10021,3.0,0.0,Tesla Destination,40.77364,-73.963722,J1772 TESLA,PAY_GARAGE
"The Carlyle Hotel, A Rosewood Hotel - Tesla Destination",35 E 76th St,10021,2.0,0.0,Tesla Destination,40.77438,-73.963157,J1772 TESLA,HOTEL
Quik Park 82nd Street LLC - Tesla Destination,350 E. 82nd St,10028,3.0,0.0,Tesla Destination,40.774511,-73.952039,J1772 TESLA,PAY_GARAGE
GGMC Parking 350 W 43rd Street Garage - Tesla Destination,350 West 43rd St,10036,3.0,0.0,Tesla Destination,40.758586,-73.991341,J1772 TESLA,PAY_GARAGE
Rapidpark 351 East 83rd - Tesla Destination,351 E 83rd,10028,3.0,0.0,Tesla Destination,40.775123,-73.951193,J1772 TESLA,PAY_GARAGE
Icon Parking 35-39 East 61st Street - Tesla Destination,35-39 E 61st St,10021,3.0,0.0,Tesla Destination,40.764617,-73.969764,J1772 TESLA,PAY_GARAGE
Icon 376 Greenwich Street - Tesla Destination,376 Greenwich St,10013,3.0,0.0,Tesla Destination,40.719825,-74.010137,J1772 TESLA,PAY_GARAGE
iPark NYU 377 E 33rd Street - Tesla Destination,377 E 33rd St,10016,3.0,0.0,Tesla Destination,40.743405,-73.974735,J1772 TESLA,PAY_GARAGE
Icon Parking 111 8th Ave Parking - Tesla Destination,385 W 15th St,10011,4.0,0.0,Tesla Destination,40.741515,-74.004608,TESLA,PAY_GARAGE
Icon Parking Wall Park - Tesla Destination,39 Exchange Pl,10005,3.0,0.0,Tesla Destination,40.705922,-74.010175,J1772 TESLA,PAY_GARAGE
GGMC Parking Carnegie Garage - Tesla Destination,40 E 94th St,10128,3.0,0.0,Tesla Destination,40.78567,-73.954593,J1772 TESLA,PAY_GARAGE
City Parking RL Mercer Street - Tesla Destination,40 Mercer St,10025,3.0,0.0,Tesla Destination,40.721437,-74.001238,J1772 TESLA,PAY_GARAGE
Icon Parking 40 W 26th Street - Tesla Destination,40 W 26th St,10010,3.0,0.0,Tesla Destination,40.744467,-73.990662,J1772 TESLA,PAY_GARAGE
iPark NYC 400 E 35th NYU - Tesla Destination,400 E 35th St,10016,3.0,0.0,Tesla Destination,40.743971,-73.971882,J1772 TESLA,PAY_GARAGE
Icon Liberty View Parking - Tesla Destination,400 Murray St,10016,3.0,0.0,Tesla Destination,40.716079,-74.015929,J1772 TESLA,PAY_GARAGE
Champion Parking 113 LLC - Tesla Destination,400 W 113th St,10025,3.0,0.0,Tesla Destination,40.80443,-73.961373,J1772 TESLA,PAY_GARAGE
Propark 401 W 110th Street - Tesla Destination,401 W 110th St,10025,3.0,0.0,Tesla Destination,40.802151,-73.961705,J1772 TESLA,PAY_GARAGE
Parkit 403 Lafayette St. - Tesla Destination,403 Lafayette St,10003,2.0,0.0,Tesla Destination,40.728287,-73.992746,J1772 TESLA,PAY_GARAGE
iPark 41 E 85th Street - Tesla Destination,41 E 85th St,10028,3.0,0.0,Tesla Destination,40.779876,-73.958579,J1772 TESLA,PAY_GARAGE
Rapidpark 411 W 55th Street - Tesla Destination,411 W 55th St,10019,3.0,0.0,Tesla Destination,40.766971,-73.987441,J1772 TESLA,PAY_GARAGE
GGMC Parking 415 E 79th - Tesla Destination,415 E 79th St,10075,3.0,0.0,Tesla Destination,40.771918,-73.951679,J1772 TESLA,PAY_GARAGE
Icon Parking Sutton 53 - Tesla Destination,417 E 53rd St,10022,3.0,0.0,Tesla Destination,40.755363,-73.963841,J1772 TESLA,PAY_GARAGE
Icon Parking Independent - Tesla Destination,417 E 71st St,10021,3.0,0.0,Tesla Destination,40.766708,-73.955483,J1772 TESLA,PAY_GARAGE
GMC Parking 420 E 53rd - Tesla Destination,420 E 53rd St,10022,1.0,0.0,Tesla Destination,40.755289,-73.963804,TESLA,PAY_GARAGE
Sutton Place North Garage - Tesla Destination,420 E 54th St,10022,2.0,0.0,Tesla Destination,40.75552,-73.962734,TESLA,PAY_GARAGE
imPark 422 E 79th Street - Tesla Destination,422 E 79th St,10075,3.0,0.0,Tesla Destination,40.771879,-73.951627,J1772 TESLA,PAY_GARAGE
Quik Park West 23rd Street Garage LLC - Tesla Destination,423-431 W 23rd St,10011,3.0,0.0,Tesla Destination,40.746847,-74.001816,J1772 TESLA,PAY_GARAGE
iPark NYC 425 E 58th Street - Tesla Destination,425 E 58th St,10022,3.0,0.0,Tesla Destination,40.758519,-73.961272,J1772 TESLA,PAY_GARAGE
City Parking E 61st Street - Tesla Destination,425 E 61st St,10065,3.0,0.0,Tesla Destination,40.760289,-73.959501,J1772 TESLA,PAY_GARAGE
ABM Parking 866 UN Plaza - Tesla Destination,430 E 49th St,10017,3.0,0.0,Tesla Destination,40.752641,-73.965187,J1772 TESLA,PAY_GARAGE
Quikpark 43-08 Crescent Street - Tesla Destination,43-08 Crescent St,11101,3.0,0.0,Tesla Destination,40.748757,-73.943417,J1772 TESLA,PAY_GARAGE
iPark NYC 44 Elizabeth Street - Tesla Destination,44 Elizabeth St,10013,3.0,0.0,Tesla Destination,40.716966,-73.996707,J1772 TESLA,PAY_GARAGE
Quik Park 86th St. LLC - Tesla Destination,444 E 86th St,10028,3.0,0.0,Tesla Destination,40.775968,-73.947846,J1772 TESLA,PAY_GARAGE
Rapidpark 480 Riverside (120th St) - Tesla Destination,480 Riverside Dr,10027,3.0,0.0,Tesla Destination,40.811187,-73.963571,J1772 TESLA,PAY_GARAGE
iPark NYC Central Harlem Garage Corp. - Tesla Destination,49 W 116th St,10026,3.0,0.0,Tesla Destination,40.80155,-73.948499,J1772 TESLA,PAY_GARAGE
Icon Parking 5 E 22nd Street - Tesla Destination,5 E 22nd St,10010,3.0,0.0,Tesla Destination,40.740458,-73.989037,J1772 TESLA,PAY_GARAGE
GGMC Parking Battery Place - Tesla Destination,50 Battery Pl,10280,3.0,0.0,Tesla Destination,40.706965,-74.017971,J1772 TESLA,PAY_GARAGE
GGMC Parking 50 E 79th St Garage - Tesla Destination,50 E 79th St,10075,2.0,0.0,Tesla Destination,40.776006,-73.961627,TESLA,PAY_GARAGE
MPG 500 West 30th - Tesla Destination,500 W 30th,10001,3.0,0.0,Tesla Destination,40.752205,-74.001493,J1772 TESLA,PAY_GARAGE
Roger Smith Hotel - Tesla Destination,501 Lexington Ave,10017,1.0,0.0,Tesla Destination,40.754709,-73.973391,TESLA,HOTEL
Icon Parking 51 W 22nd - Tesla Destination,51 W 22nd St,10010,3.0,0.0,Tesla Destination,40.742059,-73.992694,J1772 TESLA,PAY_GARAGE
Icon Parking 524 East 73rd - Tesla Destination,524 E 73rd St,10021,3.0,0.0,Tesla Destination,40.766736,-73.951891,J1772 TESLA,PAY_GARAGE
GGMC Parking 51-53 E 76th St Carlyle Hotel - Tesla Destination,53 E 76th St,10021,2.0,0.0,Tesla Destination,40.774207,-73.96282,J1772 TESLA,PAY_GARAGE
iPark 530 E 80th Street - Tesla Destination,530 E 80th St,10075,3.0,0.0,Tesla Destination,40.771382,-73.948344,J1772 TESLA,PAY_GARAGE
MPG 530 West 30th - Tesla Destination,530 W 30th,10001,3.0,0.0,Tesla Destination,40.75277,-74.00265,J1772 TESLA,PAY_GARAGE
Icon Parking E 88th Street - Tesla Destination,536 E 88th St,10128,3.0,0.0,Tesla Destination,40.776461,-73.944363,J1772 TESLA,PAY_GARAGE
Icon Parking 54 Murray Street - Tesla Destination,54 Murray St,10007,3.0,0.0,Tesla Destination,40.714266,-74.009921,J1772 TESLA,PAY_GARAGE
Standard Parking 800 6th Ave - Tesla Destination,54 W 28th St,10001,3.0,0.0,Tesla Destination,40.745842,-73.990103,J1772 TESLA,PAY_GARAGE
Loews Regency New York - Tesla Destination,540 Park Ave,10065,3.0,0.0,Tesla Destination,40.764423,-73.968865,J1772 TESLA,HOTEL
MPG 543 W 110th Street Garage - Tesla Destination,543 W 110th St,10025,3.0,0.0,Tesla Destination,40.803963,-73.966032,J1772 TESLA,PAY_GARAGE
iPark NYC 549 W 23rd Street - Tesla Destination,549 W 23rd St,10011,3.0,0.0,Tesla Destination,40.749255,-74.005914,J1772 TESLA,PAY_GARAGE
Icon Parking 55 W 14th Street - Tesla Destination,55 W 14th St,10011,3.0,0.0,Tesla Destination,40.737122,-73.996119,J1772 TESLA,PAY_GARAGE
GGMC Parking - 550 W 25th - Tesla Destination,550 W 25th St,10001,2.0,0.0,Tesla Destination,40.74979,-74.005335,J1772 TESLA,PAY_GARAGE
iPark Eleventh Avenue Garage Corp. - Tesla Destination,552 W 30th St,10001,3.0,0.0,Tesla Destination,40.753049,-74.003333,J1772 TESLA,PAY_GARAGE
Icon Parking 560 Third Ave - Tesla Destination,560 3rd Ave,10016,3.0,0.0,Tesla Destination,40.747962,-73.976569,J1772 TESLA,HOTEL
Rapidpark 575 1st Avenue - Tesla Destination,575 1st Ave,10016,3.0,0.0,Tesla Destination,40.742735,-73.974296,J1772 TESLA,PAY_GARAGE
Parkit 575 Washington - Tesla Destination,575 Washington St,10014,6.0,0.0,Tesla Destination,40.729364,-74.008513,J1772 TESLA,PAY_GARAGE
Standard Parking 58 W 58th Street - Tesla Destination,58 W 58th St,10019,3.0,0.0,Tesla Destination,40.76476,-73.976153,J1772 TESLA,PAY_GARAGE
iPark 59-63 Allen Street - Tesla Destination,59-63 Allen St,10002,3.0,0.0,Tesla Destination,40.717143,-73.991597,J1772 TESLA,PAY_GARAGE
Champion Parking 90 LLC - Tesla Destination,60 E 90th St,10028,3.0,0.0,Tesla Destination,40.783085,-73.956304,J1772 TESLA,PAY_GARAGE
Champion Parking 60 East End Avenue - Tesla Destination,60 East End Ave,10028,3.0,0.0,Tesla Destination,40.772712,-73.947045,J1772 TESLA,PAY_GARAGE
RapidPark 600 Columbus Ave-QBDestinationSiteID18637 - Tesla Destination,600 Columbus Ave,10128,2.0,0.0,Tesla Destination,40.78859,-73.97118,TESLA,PAY_GARAGE
Quik Park 600 West 42nd Street (Silver Towers) LLC - Tesla Destination,600 W 42nd St,10036,3.0,0.0,Tesla Destination,40.761018,-73.99878,J1772 TESLA,PAY_GARAGE
"MTP Parking, The Helena - Tesla Destination",601 W 57th St,10019,2.0,0.0,Tesla Destination,40.770709,-73.991725,TESLA,PAY_GARAGE
Champion Parking 60 E 8th - Tesla Destination,60-68 E 8th St,10003,3.0,0.0,Tesla Destination,40.730487,-73.993569,J1772 TESLA,PAY_GARAGE
iPark NYC 61 Jane Street - Tesla Destination,61 Jane St,10014,3.0,0.0,Tesla Destination,40.738733,-74.006009,J1772 TESLA,PAY_GARAGE
Parkit 10 Wooster St. - Tesla Destination,6-10 Wooster St,10013,3.0,0.0,Tesla Destination,40.721658,-74.004402,J1772 TESLA,PAY_GARAGE
imPark 611 E 83rd Street - Tesla Destination,611 E 83rd St,10028,3.0,0.0,Tesla Destination,40.772681,-73.945488,J1772 TESLA,PAY_GARAGE
MTP 625 W 57th Street - Tesla Destination,625 W 57th St,10019,3.0,0.0,Tesla Destination,40.77108,-73.993142,TESLA,PAY_GARAGE
Icon Parking University 10 Parking - Tesla Destination,63 E 9th St,10003,3.0,0.0,Tesla Destination,40.731887,-73.991906,J1772 TESLA,PAY_GARAGE
Parkright 670 W 43rd Street - Tesla Destination,670 W 43rd St,10036,3.0,0.0,Tesla Destination,40.762189,-73.999714,J1772 TESLA,HOTEL
Quik Park Little West LLC - Tesla Destination,70 Little West St,10280,3.0,0.0,Tesla Destination,40.70663,-74.016916,J1772 TESLA,PAY_GARAGE
Rapidpark 70 Riverside Dr - Tesla Destination,70 Riverside Dr,10024,2.0,0.0,Tesla Destination,40.784831,-73.982085,TESLA,PAY_GARAGE
The Peninsula Hotel New York - Tesla Destination,700 5th Ave,10019,1.0,0.0,Tesla Destination,40.7615893,-73.9752106,TESLA,HOTEL
Parkright 738 Greenwich Street - Tesla Destination,738 Greenwich St,10014,3.0,0.0,Tesla Destination,40.734412,-74.007184,J1772 TESLA,PAY_GARAGE
iPark 650 Parking Corp - Tesla Destination,80 E 67th St,10065,3.0,0.0,Tesla Destination,40.768144,-73.966736,J1772 TESLA,PAY_GARAGE
Icon Parking 70 Gold Street - Tesla Destination,80 Gold St,10038,3.0,0.0,Tesla Destination,40.710019,-74.004385,J1772 TESLA,PAY_GARAGE
Icon 80 Riverside Blvd - Tesla Destination,80 Riverside Blvd,10069,3.0,0.0,Tesla Destination,40.775374,-73.989687,J1772 TESLA,PAY_GARAGE
Quik Park 808 Garage LLC - Tesla Destination,808 Columbus Ave,10025,3.0,0.0,Tesla Destination,40.793877,-73.967498,J1772 TESLA,PAY_GARAGE
"The Standard, High Line - Tesla Destination",848 Washington St,10014,3.0,0.0,Tesla Destination,40.740939,-74.00824,J1772 TESLA,HOTEL
Chelnik Parking NYC 880 5th - Tesla Destination,880 5th Ave,10021,2.0,0.0,Tesla Destination,40.770292,-73.967735,TESLA,PAY_GARAGE
Icon 9-11 Park Ave - Tesla Destination,9 - 11 Park Ave,10016,3.0,0.0,Tesla Destination,40.747299,-73.981039,J1772 TESLA,PAY_GARAGE
Rapidpark 9-11 W 100th Street - Tesla Destination,9 W 100th St,10024,3.0,0.0,Tesla Destination,40.794519,-73.963445,J1772 TESLA,PAY_GARAGE
Quik Park West 57 LLC - Tesla Destination,9 W 57th St,10019,3.0,0.0,Tesla Destination,40.764259,-73.974972,J1772 TESLA,PAY_GARAGE
GGMC Parking Stewart House Garage - Tesla Destination,91 East 9th St,10003,3.0,0.0,Tesla Destination,40.731257,-73.992101,J1772 TESLA,PAY_GARAGE
Rapidpark 920 Park Avenue - Tesla Destination,920 Park Ave,10025,3.0,0.0,Tesla Destination,40.776574,-73.96047,J1772 TESLA,PAY_GARAGE
MPG 923 5th Ave - Tesla Destination,923 5th Ave,10021,3.0,0.0,Tesla Destination,40.773004,-73.966152,J1772 TESLA,PAY_GARAGE
GGMC The Cove - Tesla Destination,99 Battery Pl,10280,3.0,0.0,Tesla Destination,40.707738,-74.016845,J1772 TESLA,PAY_GARAGE
Icon Parking 990 Ave of the Americas - Tesla Destination,990 Avenue of the Americas,10018,3.0,0.0,Tesla Destination,40.750844,-73.986188,J1772 TESLA,OFFICE_BLDG
Angelina's Ristorante - Tesla Destination,399 Ellis St,10307,3.0,0.0,Tesla Destination,40.513465,-74.251418,TESLA,RESTAURANT
PV Parking 40-07 73rd St - Tesla Destination,40-07 73rd St,11377,4.0,0.0,Tesla Destination,40.7464805,-73.8922584,TESLA,PAY_GARAGE
59 Allen Street - Tesla Supercharger,59 Allen Street,10002,0.0,4.0,Tesla,40.717153,-73.991869,TESLA,PARKING_LOT
Queens Center - Tesla Supercharger,90-15 Queens Boulevard,11373,0.0,10.0,Tesla,40.735082,-73.87067,TESLA,SHOPPING_CENTER
Brooklyn Museum - Tesla Supercharger,878 Washington Avenue,11225,0.0,10.0,Tesla,40.669936,-73.963069,TESLA,
ImPark Underhill Garage - Tesla Destination,105 Underhill Ave,11238,4.0,0.0,Tesla Destination,40.6775259,-73.9657852,TESLA,
ImPark 500 4th Ave - Tesla Destination,212 12th St,11215,4.0,0.0,Tesla Destination,40.6685202,-73.9904888,TESLA,
Sherman Parking - Tesla Destination,26 S 6th St,11211,4.0,0.0,Tesla Destination,40.711729,-73.967698,TESLA,
IMPark 353 4th Ave - Tesla Destination,353 4th Ave,11215,4.0,0.0,Tesla Destination,40.6732353,-73.9862323,TESLA,
MTP Parking 363 Bond Street - Tesla Destination,363 Bond St,11231,4.0,0.0,Tesla Destination,40.6781552,-73.9904425,TESLA,
MTP Parking 568 Union Ave - Tesla Destination,568 Union Ave,11211,4.0,0.0,Tesla Destination,40.718054,-73.951847,TESLA,
ImPark Atlantic Terrace - Tesla Destination,669 Atlantic Ave,11217,4.0,0.0,Tesla Destination,40.6832871,-73.9735893,TESLA,
Sylvan Kissena Garage LLC - Tesla Destination,43-70 Kissena Blvd,11355,4.0,0.0,Tesla Destination,40.7538611,-73.823669,TESLA,
Excel Parking 87-10 Northern Blvd - Tesla Destination,87-10 Northern Blvd,11372,4.0,0.0,Tesla Destination,40.755839,-73.8806563,TESLA,
125-10 Queens Blvd Garage - Tesla Destination,123 83rd Ave,11415,4.0,0.0,Tesla Destination,40.7119045,-73.8267727,TESLA,
MTP Parking 31-00 47th Ave - Tesla Destination,31-00 47th Ave,11101,4.0,0.0,Tesla Destination,40.7416517,-73.9361599,TESLA,
MTP Parking 41-42 24th Street - Tesla Destination,41-42 24th St,11101,4.0,0.0,Tesla Destination,40.7515557,-73.9414058,TESLA,
iPark 400 E 85th St - Tesla Destination,400 E 85th St,10028,4.0,0.0,Tesla Destination,40.7759529,-73.949738,TESLA,
Andaz Wall Street - Tesla Destination,75 Wall St,10005,1.0,0.0,Tesla Destination,40.705115,-74.008089,TESLA,
INDUSTRY CITY LOT B WEST,533 2nd Ave,11232,2.0,0.0,ChargePoint Network,40.659333,-74.006419,J1772,
520806-Rockefeller Center,55 W 48th St,10036,8.0,0.0,SHELL_RECHARGE,40.758305,-73.980311,J1772,
Queens Family Court Municipal Garage,150-07 Archer Street,11433,3.0,0.0,EV Connect,40.701647,-73.803843,J1772,
Queens college,65-30 Kissena Blvd; Kiely Hall 711,11367,8.0,0.0,EV Connect,40.735874,-73.815819,J1772,
The Veneto,250 East 53rd Street,10022,2.0,0.0,Blink Network,40.756766,-73.967481,J1772,
Coliseum Park Apts - Central Parking,345 W 58th Street,10019,1.0,0.0,Blink Network,40.768432,-73.984033,J1772,
Astor Place,445 Lafayette St,10003,2.0,0.0,Blink Network,40.7297,-73.991565,J1772,
Superior Ink,400 W 12th St,10014,2.0,0.0,Blink Network,40.737537,-74.00983,J1772,
TATABROOKFIELD #3,11 E Loop Rd,10044,1.0,0.0,ChargePoint Network,40.755093,-73.955605,J1772,
CITYLIGHTS QUEENS LANDING,4-74 48th Ave,11109,2.0,0.0,ChargePoint Network,40.745011,-73.957424,J1772,
Shops at Skyview center,"40-24 College Point Blvd, Suite B215",11354,1.0,3.0,Electrify America,40.75619,-73.8363,J1772 J1772COMBO,
Glenwood Management - Paramount Garage,221 E 38th St,10016,1.0,0.0,Non-Networked,40.74793,-73.974556,J1772,PAY_GARAGE
Queens Center Mall,90-15 Queens Blvd.,11373,1.0,3.0,Electrify America,40.73487,-73.87038,J1772 J1772COMBO,
Mall at Bay Plaza - Tesla Supercharger,260 Baychester Avenue,10475,0.0,12.0,Tesla,40.863231,-73.828839,TESLA,
Atlantic Center - Tesla Supercharger,625 Atlantic Avenue B12,11217,0.0,12.0,Tesla,40.683715,-73.974337,TESLA,
The Shops at Atlas Park - Tesla Supercharger,8000 Cooper Avenue,11385,0.0,10.0,Tesla,40.707998,-73.866983,TESLA,
iPark NYC 555 West Garage Corp. - Tesla Destination,549 W 23rd St,10011,3.0,0.0,Tesla Destination,40.749296,-74.006017,J1772 TESLA,
iPark NYC E 80th Street - Tesla Destination,345 E 80th St,10075,3.0,0.0,Tesla Destination,40.77331,-73.952621,J1772 TESLA,
Icon Parking 245 E 19th St. - Tesla Destination,245 E 19th St,10010,3.0,0.0,Tesla Destination,40.735608,-73.983111,J1772 TESLA,
iPark NYC 455 Central Park West - Tesla Destination,27 West 105th St,10025,3.0,0.0,Tesla Destination,40.797771,-73.96142,J1772 TESLA,
East West Tower Garage - Tesla Destination,142-38 37th Ave,11354,4.0,0.0,Tesla Destination,40.762331,-73.825583,TESLA,
333 Schermerhorn Garage - The Hub - Tesla Destination,333 Schermerhorn St,11217,4.0,0.0,Tesla Destination,40.686983,-73.980498,TESLA,
528 W 162nd Garage-PARK-it - Tesla Destination,528 W 162nd St,10033,4.0,0.0,Tesla Destination,40.836588,-73.941328,TESLA,
4320 Broadway-PARK-it - Tesla Destination,4320 Broadway,10033,4.0,0.0,Tesla Destination,40.852461,-73.934084,TESLA,
506 W 181 St Garage-PARK-it - Tesla Destination,506 W 181 St,10033,4.0,0.0,Tesla Destination,40.848358,-73.931743,TESLA,
One Blue Slip-Greenpoint - Tesla Destination,1 Blue Slip,11222,5.0,0.0,Tesla Destination,40.736562,-73.959195,J1772 TESLA,
Bruno's Bakery and Restaurant Forest Ave - Tesla Destination,676 Forest Ave,10310,2.0,0.0,Tesla Destination,40.629216,-74.111537,TESLA,
Icon Parking 202 E 18th Street - Tesla Destination,202 E 18th St,10003,2.0,0.0,Tesla Destination,40.735496,-73.985024,TESLA,
CenterPark 4172 Broadway - Tesla Destination,4172 Broadway Ave,10033,4.0,0.0,Tesla Destination,40.847422,-73.937922,TESLA,
Icon Parking 175 W 90th Street - Tesla Destination,175 W 90th St,10024,4.0,0.0,Tesla Destination,40.790046,-73.972531,TESLA,
Enterprise Parking 545 Washington Ave - Tesla Destination,545 Washington Ave,11238,4.0,0.0,Tesla Destination,40.681953,-73.964405,TESLA,
Center Park 250 Albany - Tesla Destination,250 Albany St,10280,4.0,0.0,Tesla Destination,40.709803,-74.015771,TESLA,
Enterprise Parking 150 Myrtle Ave - Tesla Destination,150 Myrtle Ave,11201,4.0,0.0,Tesla Destination,40.693476,-73.982605,TESLA,
Enterprise Parking 147 Flatbush Avenue Extension - Tesla Destination,147 Flatbush Ave Ext,11201,4.0,0.0,Tesla Destination,40.695154,-73.983861,TESLA,
MPG Parking 98-41 Queens Blvd - Tesla Destination,98-59 65th Rd,11374,4.0,0.0,Tesla Destination,40.728618,-73.856054,TESLA,
LAZ Parking 133-59 Roosevelt Ave - Tesla Destination,133-59 Roosevelt Ave,11354,4.0,0.0,Tesla Destination,40.758956,-73.832331,TESLA,
LAZ Parking 136-20 38th Ave - Tesla Destination,136-20 38th Ave,11354,4.0,0.0,Tesla Destination,40.760965,-73.829807,TESLA,
IMPark 188 E 78th St - Tesla Destination,188 E 78th St,10075,2.0,0.0,Tesla Destination,40.773665,-73.958333,TESLA,
IMPark 302 2nd St - Tesla Destination,302 2nd St,11215,4.0,0.0,Tesla Destination,40.674312,-73.98488,TESLA,
IPark 255 Schermerhorn - Tesla Destination,255 Schermerhorn St,11217,4.0,0.0,Tesla Destination,40.687913,-73.983039,TESLA,
IPark 99 3rd Avenue - Tesla Destination,99 3rd Ave,11217,4.0,0.0,Tesla Destination,40.683126,-73.982088,TESLA,
PV Parking 34-11 Steinway - Tesla Destination,34-11 Steinway St,11101,4.0,0.0,Tesla Destination,40.7560685,-73.9204663,TESLA,
"Sylvan Parking 23-25 31st St, Astoria - Tesla Destination",23-25 31st St,11105,4.0,0.0,Tesla Destination,40.77364,-73.91352,TESLA,
Sylvan Parking 136-33 37th Ave - Tesla Destination,136-33 37th Ave,11354,3.0,0.0,Tesla Destination,40.761959,-73.829813,TESLA,
IMPark 92-77 Queens Blvd - Tesla Destination,92-77 Queens Blvd,11374,4.0,0.0,Tesla Destination,40.732255,-73.866674,TESLA,
300 W 135 St - Little Man Parking - Tesla Destination,300 W 135 St,10030,4.0,0.0,Tesla Destination,40.816777,-73.947435,TESLA,
4545 Center Blvd-TF Cornerstone LIC - Tesla Destination,4545 Center Blvd,11109,8.0,0.0,Tesla Destination,40.747676,-73.956012,TESLA,
ProPark 110-45 Queens Blvd - Tesla Destination,110-45 Queens Blvd,11375,4.0,0.0,Tesla Destination,40.719885,-73.83857,TESLA,
ProPark 29-10 Broadway - Tesla Destination,29-10 Broadway,11106,4.0,0.0,Tesla Destination,40.7623317,-73.9269683,TESLA,
3050 Corlear Ave - Nagle Parking Inc. - Tesla Destination,3050 Corlear Ave,10463,4.0,0.0,Tesla Destination,40.880142,-73.907385,TESLA,
Sylvan Gerard Garage - Tesla Destination,70-25 Yellowstone Blvd,11375,4.0,0.0,Tesla Destination,40.7218556,-73.8491057,TESLA,
19-80 Steinway - Tesla Destination,1980 Steinway St,11105,4.0,0.0,Tesla Destination,40.776957,-73.90115,TESLA,
2702 Queens Plaza South - Tesla Destination,2702 Queens Plaza S,11101,6.0,0.0,Tesla Destination,40.749941,-73.939887,TESLA,
Icon Parking E 72nd Street - Tesla Destination,515 E 72nd St,10021,5.0,0.0,Tesla Destination,40.766554,-73.952905,J1772 TESLA,
GGMC Parking MODA - Tesla Destination,89-14 Parsons Blvd,11432,7.0,0.0,Tesla Destination,40.705133,-73.801443,J1772 TESLA,
Bruno's Bakery and Restaurant Hylan Blvd - Tesla Destination,1650 Hylan Blvd,10305,2.0,0.0,Tesla Destination,40.588091,-74.089936,TESLA,
Manhattan Parking 110 LLC - Tesla Destination,543 W 110th St,10025,3.0,0.0,Tesla Destination,40.803934,-73.966049,J1772 TESLA,
Outerbridge Commons - Tesla Supercharger,2925 Veterans Road West,10309,0.0,12.0,Tesla,40.527543,-74.23131,TESLA,SHOPPING_CENTER
Queens Crossing - Tesla Supercharger,136-20 38th Avenue,11354,0.0,4.0,Tesla,40.760856,-73.829765,TESLA,
Delancey and Essex Municipal Parking Garage,107 Essex Street,10002,7.0,4.0,EV Connect,40.719319,-73.988197,CHADEMO J1772 J1772COMBO,
WCS NS1 SOUTHERN,2300 Southern Blvd,10460,2.0,0.0,ChargePoint Network,40.850625,-73.881132,J1772,
MASPETH FEDERAL MASPETH 1,56-18 69th St,11378,2.0,0.0,ChargePoint Network,40.726232,-73.895705,J1772,
MP 102 LLC MP 102 LLC,1214 Fifth Avenue,10029,2.0,0.0,ChargePoint Network,40.791267,-73.952039,J1772,
Apple West Parking,303 West 96th Street,10025,4.0,0.0,Blink Network,40.795783,-73.973678,J1772,
Gateway Center at Bronx Terminal Market,610 Exterior St,10451,2.0,0.0,Blink Network,40.822142,-73.931128,J1772,
Manhattan Plaza,427 W 42nd St,10036,2.0,0.0,Blink Network,40.759223,-73.992703,J1772,
Tribeca Green,325 North End Ave,10282,2.0,0.0,Blink Network,40.71695,-74.014948,J1772,
I Park - 145 W 56th St,145 West 56th Street,10019,2.0,0.0,Blink Network,40.764609,-73.979517,J1772,
Carnegie Hill,215 E 96th St,10128,2.0,0.0,Blink Network,40.784865,-73.948526,J1772,
GMC 400 East 56th Street,400 East 56th Street,10022,6.0,0.0,EV Connect,40.757223,-73.963011,J1772,
Staten Island University Hospital (South Side 375 Sequine Ave),375 Seguine Ave,10309,4.0,0.0,EV Connect,40.516758,-74.196379,J1772,
Staten Island University Hospital (North Side 475 Seaview Ave.),475 Seaview Ave,10305,8.0,0.0,EV Connect,40.584709,-74.086124,J1772,
Staten Island Mall Dave & Buster's,2655 Richmond Ave.,10314,4.0,0.0,Volta,40.58269775,-74.1678755,J1772,
Staten Island Mall Richmond Ave Entrance,2655 Richmond Ave.,10314,2.0,0.0,Volta,40.5817345,-74.1684335,J1772,
Staten Island Mall Tommy's Tavern + Tap,2655 Richmond Ave.,10314,2.0,0.0,Volta,40.5811275,-74.1679225,J1772,
Staten Island Mall Macy's,2655 Richmond Ave.,10314,2.0,0.0,Volta,40.583139,-74.166332,J1772,
HAMPTON INN STATION 1,1120 South Ave,10314,2.0,0.0,ChargePoint Network,40.612696,-74.179012,J1772,
532 W 122nd St,532 W 122nd St,10027,4.0,0.0,EV Connect,40.811446,-73.960477,J1772,
STATION 4TH FL MOTORGATE 3,680 Main St,10044,2.0,0.0,ChargePoint Network,40.764464,-73.946924,J1772,
STATION 4TH FL MOTORGATE #2,Main St/10 River Rd,10044,2.0,0.0,ChargePoint Network,40.764208,-73.947198,J1772,
551W21 SR Capital - Tesla Destination,558 West 21st Street,10011,6.0,0.0,Tesla Destination,40.747437,-74.007111,TESLA,
577 Baltic Street - Adam America Real Estate - Tesla Destination,577 Baltic Street,11217,4.0,0.0,Tesla Destination,40.681151,-73.982101,TESLA,
610 Warren Street - Tesla Destination,610 Warren Street,11217,6.0,0.0,Tesla Destination,40.681263,-73.981155,TESLA,
Enterprise Parking 219 E 69th St - Tesla Destination,219 E 69th St,10065,3.0,0.0,Tesla Destination,40.767342,-73.960835,J1772 TESLA,
iPark 314 W 120th Street - Tesla Destination,314 West 120th Street,10025,3.0,0.0,Tesla Destination,40.807356,-73.954354,J1772 TESLA,
Park Kwik - 110 Livingston - Tesla Destination,110 Livingston St,11201,4.0,0.0,Tesla Destination,40.6909872,-73.9901305,J1772 TESLA,
Park Kwik - 211 Atlantic - Tesla Destination,211 Atlantic Ave,11201,6.0,0.0,Tesla Destination,40.6910734,-73.9901973,J1772 TESLA,
Park Kwik-300 Ashland - Tesla Destination,300 Ashland Pl,11217,4.0,0.0,Tesla Destination,40.68608,-73.978252,TESLA,
Park N Go - E 121 St - Tesla Destination,210 E 121st St,10035,4.0,0.0,Tesla Destination,40.800793,-73.9371,TESLA,
Parkit 200 West End Ave - Tesla Destination,200 West End Ave,10023,5.0,0.0,Tesla Destination,40.778221,-73.985072,J1772 TESLA,
"The Standard, East Village - Tesla Destination",25 Cooper Street,10004,3.0,0.0,Tesla Destination,40.727797,-73.990746,J1772 TESLA,
"Trump Golf Links, Ferry Point - Tesla Destination",500 Hutchinson River Parkway,10465,8.0,0.0,Tesla Destination,40.8124589,-73.83447,TESLA,
Imperial Parking,332-342 E 34th St,10016,2.0,0.0,Blink Network,40.7440113,-73.9741155,J1772,
STATION 4TH FL MOTORGATE #1,688 Main St,10044,2.0,0.0,ChargePoint Network,40.764429,-73.946793,J1772,
NYC FLEET DPR_ICAHN_1_L3,10 Central Rd,10035,0.0,1.0,ChargePoint Network,40.792194,-73.92455,CHADEMO J1772COMBO,
The St. Regis,Two East 55th Street,10022,1.0,0.0,Blink Network,40.7613979,-73.9746128,J1772,
SKYVIEW APARTME SKYVIEW ST2,5800 Arlington Ave,10471,2.0,0.0,ChargePoint Network,40.908654,-73.905897,J1772,
SKYVIEW APARTME SKYVIEW ST1,5800 Arlington Ave,10471,2.0,0.0,ChargePoint Network,40.90872,-73.905883,J1772,
WCS NS1 ASIA,Boston Rd,10460,2.0,0.0,ChargePoint Network,40.846612,-73.876323,J1772,
TATABROOKFIELD #2,11 E Loop Rd,10044,1.0,0.0,ChargePoint Network,40.755077,-73.955605,J1772,
TATABROOKFIELD GATEWAY #1,11 E Loop Rd,10044,1.0,0.0,ChargePoint Network,40.755024,-73.955605,J1772,
TATABROOKFIELD #7,11 E Loop Rd,10044,1.0,0.0,ChargePoint Network,40.755314,-73.955605,J1772,
TATABROOKFIELD #6,11 E Loop Rd,10044,1.0,0.0,ChargePoint Network,40.75516,-73.955605,J1772,
TATABROOKFIELD #5,11 E Loop Rd,10044,1.0,0.0,ChargePoint Network,40.755142,-73.9556,J1772,
TATABROOKFIELD #4,11 E Loop Rd,10044,1.0,0.0,ChargePoint Network,40.755108,-73.955605,J1772,
HAMPTON INN STATION 4,1120 South Ave,10314,2.0,0.0,ChargePoint Network,40.612678,-74.178885,J1772,
HAMPTON INN STATION 2,1120 South Ave,10314,2.0,0.0,ChargePoint Network,40.612688,-74.178948,J1772,
HAMPTON INN STATION 3,1120 South Ave,10314,2.0,0.0,ChargePoint Network,40.612671,-74.17882,J1772,
HAMPTON INN STATION 5,1120 South Ave,10314,2.0,0.0,ChargePoint Network,40.612706,-74.179076,J1772,
NYC FLEET DPR_ICAHN_3_L3,10 Central Rd,10035,0.0,1.0,ChargePoint Network,40.7923,-73.92468,CHADEMO J1772COMBO,
NYC FLEET DPR_ICAHN_2_L3,10 Central Rd,10035,0.0,1.0,ChargePoint Network,40.79237,-73.924644,CHADEMO J1772COMBO,
NYC FLEET DPROCBRZAC_1_L3,625 Father Capodanno Blvd,10305,0.0,1.0,ChargePoint Network,40.58297,-74.07527,CHADEMO J1772COMBO,
NYC FLEET DPROCBRZAC_2_L3,625 Father Capodanno Blvd,10305,0.0,1.0,ChargePoint Network,40.582787,-74.07527,CHADEMO J1772COMBO,
Belmont Parking,113 E 84th St,10028,1.0,0.0,Blink Network,40.773472,-73.955287,J1772,
Red Ball Garage,142 E 31st Street,10016,1.0,0.0,Blink Network,40.744731,-73.981125,J1772,
Travelers Parking,160 W 10th Street,10014,1.0,0.0,Blink Network,40.73491,-74.001634,J1772,
Manhattan Parking Group,10 Columbus Circle,10019,1.0,0.0,Blink Network,40.768721,-73.983487,J1772,
Laureate Garage,2148 Broadway,10023,2.0,0.0,Blink Network,40.78131,-73.980834,J1772,
Kew Garage,8002 Kew Gardens Rd,11415,1.0,0.0,Blink Network,40.713705,-73.831217,J1772,
GMC Parking Garage - 200 Central,200 Central Park South,10019,1.0,0.0,Blink Network,40.766719,-73.979533,J1772,
Discover 97 Parking LLC,750 Columbus Avenue,10025,2.0,0.0,Blink Network,40.793416,-73.967719,J1772,
iPark - 67th Street,3 East 67th Street,10065,1.0,0.0,Blink Network,40.769134,-73.968707,J1772,
Hunters Point South Crossing,1-55 Borden Avenue,11101,2.0,0.0,Blink Network,40.742397,-73.959225,J1772,
5935 Broadway,5935 Broadway,10463,4.0,0.0,FLO,40.888461,-73.899119,J1772,
3474 Putnam Place,3474 Putnam Place,10467,2.0,0.0,FLO,40.879413,-73.875485,J1772,
4 W 93rd St,4 W 93rd St,10025,2.0,0.0,FLO,40.789958,-73.966488,J1772,
35-1 38th St,35-1 38th St,11101,4.0,0.0,FLO,40.755417,-73.923072,J1772,
31-99 33rd St,31-99 33rd St,11106,2.0,0.0,FLO,40.761412,-73.923755,J1772,
NYC Parking Kent,444 Kent Avenue,11211,2.0,0.0,Blink Network,40.709168,-73.968491,J1772,
iPark - Enterprise Parking,315 E 40th Street,10016,1.0,0.0,Blink Network,40.748359,-73.972213,J1772,
170 E End Ave,170 E End Ave,10128,2.0,0.0,FLO,40.775792,-73.944015,J1772,
498 E 67th St,498 E 67th St,10065,2.0,0.0,FLO,40.763723,-73.956354,J1772,
101 E 78th St,101 E 78th St,10075,2.0,0.0,FLO,40.774878,-73.960671,J1772,
383 Court St,383 Court St,11231,2.0,0.0,FLO,40.680484,-73.996719,J1772,
99 Prospect Park W,99 Prospect Park W,11215,2.0,0.0,FLO,40.66696,-73.975032,J1772,
Revel Brooklyn Superhub,467 Marcy Ave,11206,0.0,50.0,EVGATEWAY,40.69933379421704,-73.94966479629517,J1772COMBO,PARKING_LOT
"Walgreens - Brooklyn, NY #15097",589 Prospect Avenue,11215,1.0,0.0,Blink Network,40.6567801,-73.9777597,J1772,
iPark - 59 Allen Street Garage,59 Allen Street,10002,2.0,0.0,Blink Network,40.717195,-73.991658,J1772,
33 Norman Ave,33 Norman Ave,11222,4.0,0.0,FLO,40.724591,-73.954512,J1772,
1235 Linden Blvd,1235 Linden Blvd,11212,4.0,0.0,FLO,40.654381,-73.913436,J1772,
1065 Elton St,1065 Elton St,11239,4.0,0.0,FLO,40.657441,-73.874619,J1772,
NYC FLEET DCASCSTHSE_1_L3,6626 Metropolitan Ave,11379,0.0,1.0,ChargePoint Network,40.711327,-73.89229,CHADEMO J1772COMBO,
NYC FLEET DCASCSTHSE_3_L3,6626 Metropolitan Ave,11379,0.0,1.0,ChargePoint Network,40.711273,-73.89222,CHADEMO J1772COMBO,
NYC FLEET DCASCSTHSE_2_L3,6626 Metropolitan Ave,11379,0.0,1.0,ChargePoint Network,40.711266,-73.89218,CHADEMO J1772COMBO,
626 Sheepshead Bay Rd - Parking,626 Sheepshead Bay Rd,11224,6.0,0.0,Blink Network,40.57891694756013,-73.97537047469709,J1772,
597 Clarkson Ave,597 Clarkson Ave,11203,4.0,0.0,FLO,40.656102,-73.940436,J1772,
134-10 225th St,137-10 225th St,11413,2.0,0.0,FLO,40.677402,-73.745064,J1772,
167-149 Meeker Ave,167-149 Meeker Ave,11211,6.0,0.0,FLO,40.714318,-73.953186,J1772,
831 3rd Ave,831 3rd Ave,11232,6.0,0.0,FLO,40.656766,-74.004802,J1772,
115 Fort Washington Ave,115 Fort Washington Ave,10032,2.0,0.0,FLO,40.839756,-73.943345,J1772,
2 Bedford Park Blvd W,2 Bedford Park Blvd W,10468,4.0,0.0,FLO,40.875421,-73.893941,J1772,
NYU NYU # 2,2 Washington Square Village,10012,2.0,0.0,ChargePoint Network,40.728283,-73.997251,J1772,
NYU NYU # 1,2 Washington Square Village,10012,2.0,0.0,ChargePoint Network,40.72808,-73.99724,J1772,
3500 Dekalb Ave,3500 Dekalb Ave,10467,2.0,0.0,FLO,40.882337,-73.880265,J1772,
7 Marcus Garvey Blvd,7 Marcus Garvey Blvd,11206,2.0,0.0,FLO,40.700039,-73.941261,J1772,
145 Brooklyn Ave,145 Brooklyn Ave,11213,2.0,0.0,FLO,40.674612,-73.944569,J1772,
484 43rd St,484 43rd St,11232,2.0,0.0,FLO,40.649116,-74.006479,J1772,
352 8th St,352 8th St,11215,2.0,0.0,FLO,40.668517,-73.983283,J1772,
395 Lenox Rd,395 Lenox Rd,11203,4.0,0.0,FLO,40.654476,-73.946741,J1772,
419 Stuyvesant Ave,419 Stuyvesant Ave,11233,2.0,0.0,FLO,40.679727,-73.931347,J1772,
33-10 Queens Blvd,33-10 Queens Blvd,11101,4.0,0.0,FLO,40.744363,-73.93112,J1772,
Baychester Retail III LLC,500 Baychester Ave,10475,2.0,0.0,EV Connect,40.869205,-73.831633,J1772,
Northeast Bronx YMCA,1250 E 229th St,10466,4.0,0.0,Non-Networked,40.8827858370269,-73.8419855959349,J1772,REC_SPORTS_FACILITY
LIN-DAN RICK,329 E 21st St,10010,2.0,0.0,ChargePoint Network,40.736148,-73.980154,J1772,
LIN-DAN MORTY,329 E 21st St,10010,2.0,0.0,ChargePoint Network,40.736161,-73.980267,J1772,
BORO PARK BORO CHARGE 1,4915 10th Ave,11219,2.0,0.0,ChargePoint Network,40.638583,-73.998687,J1772,
BORO PARK BORO CHARGE 4,4915 10th Ave,11219,2.0,0.0,ChargePoint Network,40.638561,-73.998686,J1772,
BORO PARK BORO CHARGE 5,4915 10th Ave,11219,2.0,0.0,ChargePoint Network,40.63855,-73.998668,J1772,
BORO PARK BORO CHARGE 10,4915 10th Ave,11219,2.0,0.0,ChargePoint Network,40.638531,-73.99858,J1772,
BORO PARK BORO CHARGE 9,4915 10th Ave,11219,2.0,0.0,ChargePoint Network,40.638557,-73.998678,J1772,
BORO PARK BORO CHARGE 8,4915 10th Ave,11219,2.0,0.0,ChargePoint Network,40.638536,-73.99864,J1772,
BORO PARK BORO CHARGE 6,4915 10th Ave,11219,2.0,0.0,ChargePoint Network,40.638581,-73.998691,J1772,
BORO PARK BORO CHARGE 3,4915 10th Ave,11219,2.0,0.0,ChargePoint Network,40.63851,-73.998605,J1772,
BORO PARK BORO CHARGE 2,4915 10th Ave,11219,2.0,0.0,ChargePoint Network,40.638594,-73.998676,J1772,
1 WATERLINE STATION#8,10 Riverside Blvd,10069,2.0,0.0,ChargePoint Network,40.772871,-73.992514,J1772,
1 WATERLINE STATION#3,10 Riverside Blvd,10069,2.0,0.0,ChargePoint Network,40.773005,-73.992868,J1772,
1 WATERLINE STATION#2,10 Riverside Blvd,10069,2.0,0.0,ChargePoint Network,40.772952,-73.992622,J1772,
1 WATERLINE STATION#1,10 Riverside Blvd,10069,2.0,0.0,ChargePoint Network,40.772896,-73.992536,J1772,
1 WATERLINE STATION#5,10 Riverside Blvd,10069,2.0,0.0,ChargePoint Network,40.772904,-73.992514,J1772,
1 WATERLINE STATION#4,10 Riverside Blvd,10069,2.0,0.0,ChargePoint Network,40.77292,-73.992546,J1772,
1 WATERLINE STATION#6,10 Riverside Blvd,10069,2.0,0.0,ChargePoint Network,40.772912,-73.992589,J1772,
Stop & Shop #566 - Arverne By-the-sea,70-20 Rockaway Beach Boulevard,11692,2.0,0.0,Volta,40.5898135,-73.7999495,J1772,
Icon Mercury Parking,350 W 50th Street,10019,1.0,0.0,Blink Network,40.76324463,-73.98864745,J1772,
Eventi Hotel,851 Avenue of the Americas,10001,1.0,0.0,Blink Network,40.758681,-73.98135,J1772,
125 W 76th Street,125 W 76th Street,10023,2.0,0.0,FLO,40.780397,-73.977729,J1772,
INDUSTRY CITY LOT B EAST,533 2nd Ave,11232,2.0,0.0,ChargePoint Network,40.659338,-74.006454,J1772,
35-58 72nd St,35-58 72nd St,11372,2.0,0.0,FLO,40.74894,-73.893721,J1772,
Bridge Towers Location 1,111 Wadsworth Ave,10033,2.0,0.0,Blink Network,40.848202,-73.935857,J1772,
Energy Plus Site 8,11 Riverside Dr,10023,1.0,0.0,Blink Network,40.781104,-73.984478,J1772,
BORO PARK BORO CHARGE 7,4915 10th Ave,11219,2.0,0.0,ChargePoint Network,40.638545,-73.998658,J1772,
Hylan New Dorp Plaza,430 New Dorp Ln,10306,2.0,0.0,Volta,40.569063603,-74.109547715,J1772,
BRT STATION 1,6401 6th Ave,11220,2.0,0.0,ChargePoint Network,40.63557,-74.01628,J1772,
Prestige Parking Corp,25 Sutton Place South,10022,2.0,0.0,Blink Network,40.7565187377,-73.9610743999,J1772,
First Avenue Parking,630 1st Avenue,10016,2.0,0.0,Blink Network,40.745096,-73.971921,J1772,
HCBR STATION 1,9013 4th Ave,11209,1.0,0.0,ChargePoint Network,40.619335,-74.029466,J1772,
266 13th St,266 13th St,11215,2.0,0.0,FLO,40.667017,-73.988698,J1772,
160 W 84th St,160 W 84th St,10024,2.0,0.0,FLO,40.786312,-73.97569,J1772,
Rapid Park - 204 W 101st 2nd Floor,204 W 101st Street,10025,4.0,0.0,LIVINGSTON,40.79743,-73.9687,J1772,
Rapid Park - 205 W 101st 2nd Floor,205 W 101st Street,10025,4.0,0.0,LIVINGSTON,40.79766,-73.96838,J1772,
Rapid Park - 44 State St,44 State St,11201,6.0,0.0,LIVINGSTON,40.6918,-73.99829,J1772,
411 West 55th St,411 W 55th St,10019,4.0,0.0,LIVINGSTON,40.76709,-73.98733,J1772,
301 E. 79th St.,301 E. 79th St.,10075,4.0,0.0,LIVINGSTON,40.76939,-73.96546,J1772,
550 W. 45th St.,550 W. 45th St.,10036,4.0,0.0,LIVINGSTON,40.7624,-73.99635,J1772,
435 E. 55th St.,435 E. 55th St.,10022,4.0,0.0,LIVINGSTON,40.75657,-73.96226,J1772,
449 East 49th Street,449 East 49th Street,10022,6.0,0.0,LIVINGSTON,40.75267,-73.96482,J1772,
4 W 21st St.,4 W 21st St.,10010,4.0,0.0,LIVINGSTON,40.74057,-73.99147,J1772,
210 W 76th St.,210 W 76th St.,10023,4.0,0.0,LIVINGSTON,40.78126,-73.98044,J1772,
142 E 31st St.,142 E 31st St.,10016,4.0,0.0,LIVINGSTON,40.74415,-73.98046,J1772,
44 W 62nd St.,44 W 62nd St.,10023,4.0,0.0,LIVINGSTON,40.7708,-73.98323,J1772,
333 E 75th St.,333 E 75th St.,10021,4.0,0.0,LIVINGSTON,40.7702,-73.95525,J1772,
225 W 49th St,225 W 49th St,10019,4.0,0.0,LIVINGSTON,40.76154,-73.98518,J1772,
110 East End Ave,110 East End Ave,10028,4.0,0.0,LIVINGSTON,40.77447,-73.94599,J1772,
200 East End Ave,200 East End Ave,10128,4.0,0.0,LIVINGSTON,40.77729,-73.94355,J1772,
55 East End Ave,55 East End Ave,10028,6.0,0.0,LIVINGSTON,40.772,-73.94639,J1772,
305 East 80th Street,305 East 80th Street,10075,4.0,0.0,LIVINGSTON,40.77397,-73.9539,J1772,
231 E 94th Street,231 E 94th Street,10128,4.0,0.0,LIVINGSTON,40.78351,-73.94888,J1772,
203 E 71st St.,203 E 71st St.,10021,4.0,0.0,LIVINGSTON,40.76894,-73.96047,J1772,
181 E 73rd Street,181 East 73rd Street,10021,4.0,0.0,LIVINGSTON,40.77082,-73.96068,J1772,
191 East 71st Street,191 E 71st Street,10021,4.0,0.0,LIVINGSTON,40.76945,-73.96154,J1772,
Lincoln Square Garage,178 W 69th Street,10023,1.0,0.0,Blink Network,40.776152,-73.98282,J1772,
Kissena Garage,4370 Kissena Boulevard,11355,1.0,0.0,Blink Network,40.753624,-73.823573,J1772,
320 Mason Ave,320 Mason Ave,10305,4.0,0.0,FLO,40.584984,-74.088044,J1772,
Supercharge NYC,1074 Grand St,11211,2.0,2.0,CHARGELAB,40.7136044677631,-73.93309885767226,J1772 J1772COMBO,STANDALONE_STATION
G & M REALTY 2 STATION 2,22-44 Jackson Ave,11101,2.0,0.0,ChargePoint Network,40.745401,-73.946148,J1772,
G & M REALTY 2 STATION 3,22-44 Jackson Ave,11101,2.0,0.0,ChargePoint Network,40.745399,-73.946226,J1772,
G & M REALTY 2 STATION 4,22-44 Jackson Ave,11101,2.0,0.0,ChargePoint Network,40.745344,-73.94618,J1772,
G & M REALTY 2 STATION 5,22-44 Jackson Ave,11101,2.0,0.0,ChargePoint Network,40.745355,-73.94625,J1772,
Court Square Municipal Parking Garage,45 Court Square,11101,7.0,3.0,EV Connect,40.745475,-73.942225,CHADEMO J1772 J1772COMBO,
G & M REALTY 2 STATION 1,22-44 Jackson Ave,11101,2.0,0.0,ChargePoint Network,40.745393,-73.946234,J1772,
QT STATION 1,62-10 Northern Blvd,11377,2.0,0.0,ChargePoint Network,40.753602,-73.899789,J1772,
QT STATION 3,62-10 Northern Blvd,11377,2.0,0.0,ChargePoint Network,40.753601,-73.899806,J1772,
QT STATION 2,62-10 Northern Blvd,11377,2.0,0.0,ChargePoint Network,40.753602,-73.899825,J1772,
535 Carlton Ave,535 Carlton Ave,11238,4.0,0.0,LIVINGSTON,40.68092,-73.97076,J1772,
ARCHER GREEN MI STATION 1,92-23 168th St,11433,1.0,0.0,ChargePoint Network,40.70522,-73.79147,J1772,
ARCHER GREEN MI STATION 4,92-23 168th St,11433,1.0,0.0,ChargePoint Network,40.70525,-73.791534,J1772,
ARCHER GREEN MI STATION 2,92-23 168th St,11433,1.0,0.0,ChargePoint Network,40.70524,-73.791466,J1772,
ARCHER GREEN MI STATION 3,92-23 168th St,11433,1.0,0.0,ChargePoint Network,40.705254,-73.7915,J1772,
ARCHER GREEN MI STATION 5,92-23 168th Pl,11433,1.0,0.0,ChargePoint Network,40.70568,-73.791504,J1772,
30-10 35th Street,30-10 35th Street,11103,2.0,0.0,FLO,40.765233,-73.918436,J1772,
92746 CHARGEPOINT 1,301 E 66th St,10065,2.0,0.0,ChargePoint Network,40.764935,-73.96063,J1772,
92746 CHARGEPOINT 2,301 E 66th St,10065,2.0,0.0,ChargePoint Network,40.764945,-73.960624,J1772,
81-09 41st Ave,81-09 41st Ave,11373,2.0,0.0,FLO,40.745853,-73.884134,J1772,
Tunnel Garage,300 E 34th Street,10001,1.0,0.0,Blink Network,40.74508,-73.97604,J1772,
46-71 30th Place,46-71 30th Place,11101,6.0,0.0,FLO,40.743643,-73.936591,J1772,
35 Red Cross Pl,35 Red Cross Pl,11201,6.0,0.0,FLO,40.699487,-73.989516,J1772,
Walgreens,589 Prospect Ave,11215,0.0,1.0,eVgo Network,40.656459,-73.977527,CHADEMO J1772COMBO,
200 Liberty,200 Liberty St,10006,2.0,0.0,AMPUP,40.710179,-74.013169,J1772,RESTAURANT
DSL Marketing and Energy Icon Parking,57 W 53rd St,10019,4.0,0.0,AMPUP,40.761698,-73.978338,J1772,PARKING_GARAGE
King's County Parking,581 Clarkson Ave,11203,4.0,0.0,AMPUP,40.656148,-73.940355,J1772,PARKING_GARAGE
Riverdale Fast Parking,5604 Broadway,10463,8.0,0.0,AMPUP,40.879501,-73.903603,J1772,PARKING_LOT
New Tech Energy,800 Ocean Pkwy,11230,1.0,0.0,AMPUP,40.628872,-73.971992,J1772,OFFICE_BLDG
Brooklyn Renaissance Plaza,335 Adams St,11201,6.0,0.0,EV Connect,40.693463,-73.988245,J1772,
Forest Hills Tower,11835 Queens Blvd,11375,6.0,0.0,EV Connect,40.715319,-73.830563,J1772,
Flushing Plaza,41-61 Kissena Blvd,11355,6.0,0.0,EV Connect,40.757772,-73.826935,J1772,
86-86 Palo Alto St,86-86 Palo Alto St,11423,2.0,0.0,EV Connect,40.718731,-73.773113,J1772,
GMC 127 East 83rd,127 E 83rd st,10028,4.0,0.0,EV Connect,40.777932,-73.957152,J1772,
New York Presbyterian Hospital,510 5th St,11215,6.0,0.0,EV Connect,40.668552,-73.97869,J1772,
LGA Airpark,99-111 Ditmars Blvd,11369,20.0,0.0,LIVINGSTON,40.77049,-73.87014,J1772,
10 East 30th St,10 E 30th St,10016,6.0,0.0,LIVINGSTON,40.74538,-73.98571,J1772,
575 1st Ave,575 1st Ave,10016,4.0,0.0,LIVINGSTON,40.74282,-73.97438,J1772,
171 E 84th St.,171 E 84th St.,10028,4.0,0.0,LIVINGSTON,40.77798,-73.95555,J1772,
The Rockaway Hotel,108-10 Rockaway Beach Dr.,11694,2.0,0.0,FLASH,40.581587,-73.830086,J1772,PUBLIC
1 WATERLINE STATION#7,10 Riverside Blvd,10019,2.0,0.0,ChargePoint Network,40.772839,-73.992493,J1772,
The Forge,44-28 Purves St,11101,2.0,0.0,Blink Network,40.74679,-73.94111,J1772,
Parkash 4769 LLC - 4769 White Plains,4769 White Plains Road,10470,7.0,0.0,Blink Network,40.905461,-73.849791,J1772,
Popeyes,3401 Mickle Ave,10469,6.0,0.0,FLO,40.876952,-73.845534,J1772,
iPark NYC 75 Wall Street - Tesla Destination,75 Wall St,10005,3.0,0.0,Tesla Destination,40.704776,-74.008276,J1772 TESLA,
GGMC 91 E 9th Street - Tesla Destination,91 East 9th Street,10003,3.0,0.0,Tesla Destination,40.730723,-73.990854,J1772 TESLA,
Icon Parking 515 E 72nd Street - Tesla Destination,515 E 72nd St,10021,3.0,0.0,Tesla Destination,40.766545,-73.95292,J1772 TESLA,
MPG Parking,475 West 41st St,10036,2.0,0.0,Blink Network,40.758967,-73.995189,J1772,
CORP COMM 3 STATION 3 CC3,Teleport Dr/Corp Commons Bldg,10314,2.0,0.0,ChargePoint Network,40.604086,-74.179358,J1772,
CORP COMM 3 STATION 8 CC3,Teleport Dr/Corp Commons Bldg,10314,2.0,0.0,ChargePoint Network,40.604324,-74.179675,J1772,
CORP COMM 3 STATION 10 CC3,Teleport Dr/Corp Commons Bldg,10314,2.0,0.0,ChargePoint Network,40.60429,-74.17979,J1772,
CORP COMM 3 STATION 7 CC3,Teleport Dr/Corp Commons Bldg,10314,2.0,0.0,ChargePoint Network,40.604252,-74.179682,J1772,
CORP COMM 3 STATION 1 CC3,Teleport Dr/Corp Commons Bldg,10314,2.0,0.0,ChargePoint Network,40.604213,-74.179561,J1772,
CORP COMM 3 STATION 9 CC3,Teleport Dr/Corp Commons Bldg,10314,2.0,0.0,ChargePoint Network,40.604082,-74.179499,J1772,
CORP COMM 3 STATION 6 CC3,Teleport Dr/Corp Commons Bldg,10314,2.0,0.0,ChargePoint Network,40.603961,-74.179472,J1772,
CORP COMM 3 STATION 4 CC3,Teleport Dr/Corp Commons Bldg,10314,2.0,0.0,ChargePoint Network,40.60401,-74.179524,J1772,
CORP COMM 3 STATION 5 CC3,Teleport Dr/Corp Commons Bldg,10314,2.0,0.0,ChargePoint Network,40.604322,-74.179683,J1772,
CORP COMM 3 STATION 2 CC3,Teleport Dr/Corp Commons Bldg,10314,2.0,0.0,ChargePoint Network,40.604154,-74.179546,J1772,
182 E 73rd St.,182 E 73rd St.,10021,4.0,0.0,LIVINGSTON,40.77049,-73.96077,J1772,
IKEA USA BROOKLYN 1,1 Beard St,11231,1.0,0.0,ChargePoint Network,40.671397,-74.011643,J1772,
IKEA USA BROOKLYN 2,1 Beard St,11231,1.0,0.0,ChargePoint Network,40.671379,-74.011649,J1772,
IKEA USA BROOKLYN 3,1 Beard St,11231,1.0,0.0,ChargePoint Network,40.671393,-74.011584,J1772,
IKEA USA BROOKLYN 4,1 Beard St,11231,1.0,0.0,ChargePoint Network,40.671404,-74.011655,J1772,
Empire Outlets Garage,35B Richmond Terrace,10301,5.0,0.0,Volta,40.644065,-74.075153,J1772,
20RTAC GARAGE BOTTOM,211 North End Ave,10282,2.0,0.0,ChargePoint Network,40.716131,-74.015548,J1772,
20RTAC GARAGE TOP,211 North End Ave,10282,2.0,0.0,ChargePoint Network,40.716132,-74.015557,J1772,
Central Parking - 115 E 87th St,115 East 87th Street,10128,2.0,0.0,Blink Network,40.780678,-73.956269,J1772,
iPark - Paradise Garage,62-60 99th Street,11374,2.0,0.0,Blink Network,40.733347,-73.858012,J1772,
Icon Parking - Hudson,375 Hudson Street,10014,1.0,0.0,Blink Network,40.728704,-74.00765,J1772,
Sylvan Parking - Pinnacle Garage,112-01 Queens Boulevard,11375,1.0,0.0,Blink Network,40.718455,-73.83651,J1772,
Park-it Area Garage - Tesla Destination,275 Delancey St,10002,3.0,0.0,Tesla Destination,40.7156449097173,-73.9808096971768,J1772 TESLA,PARKING_GARAGE
EVPassport - 200 E 24th St Garage,200 E 24th St,10010,2.0,0.0,Non-Networked,40.7392528900457,-73.9823287610015,J1772,PARKING_GARAGE
550 Prospect Place,550 Prospect Place,11238,7.0,0.0,Blink Network,40.675159,-73.958501,J1772,
26-19 2nd Street,26-19 2nd Street,11102,2.0,0.0,Blink Network,40.7732937,-73.934466,J1772,
444 Clinton,445 Vanderbilt Ave,11238,11.0,0.0,Blink Network,40.684979,-73.967922,J1772,
Icon Parking - Claridge 87 Parking,200-206 E 88th Street,10128,1.0,0.0,Blink Network,40.7796871,-73.952595,J1772,
Highrise Parking,210 W 71st Street,10023,1.0,0.0,Blink Network,40.777905,-73.982299,J1772,
The Westport,500 W 56th St,10019,1.0,0.0,Blink Network,40.768211,-73.989479,J1772,
Superior Realty Group,9602 4th Avenue,11209,4.0,0.0,Blink Network,40.61517985216326,-74.0319846196921,J1772,
The Caledonia,450 W 17th Street,10011,2.0,0.0,Blink Network,40.743832,-74.006578,J1772,
Gramercy Plaza  - Parking Garage,130 East 18th St,10003,2.0,0.0,Blink Network,40.7362174,-73.98666508,J1772,
Central Parking - Tower 31,9 W 31st Street,10001,2.0,0.0,Blink Network,40.74709,-73.98667,J1772,
Icon Parking - 111 Eighth Avenue,111 Eighth Avenue,10011,1.0,0.0,Blink Network,40.741421,-74.003186,J1772,
Central Parking - 350 E 30th Street,350 E 30th Street,10016,1.0,0.0,Blink Network,40.741065,-73.975788,J1772,
75 Park Place,75 Park Place,10007,1.0,0.0,Blink Network,40.714463,-74.01098,J1772,
NYC FLEET DPRWFMARINA-S2,1 Marina Rd,11368,1.0,0.0,ChargePoint Network,40.761212,-73.857765,J1772,
20RTAC STATION EE52,211 North End Ave,10282,2.0,0.0,ChargePoint Network,40.716133,-74.01556,J1772,
KOEPPEL HYUNDAI CPE250 1,43-16 35th Ave,11101,0.0,1.0,ChargePoint Network,40.754038,-73.919413,CHADEMO J1772COMBO,
KOEPPEL HYUNDAI CPE250 2,34- 45 43rd St,11101,0.0,1.0,ChargePoint Network,40.754044,-73.919245,CHADEMO J1772COMBO,
Queens Borough Hall Municipal Parking Garage,80-25 126th St,11415,31.0,3.0,EV Connect,40.714376,-73.826095,CHADEMO J1772 J1772COMBO,
NYC FLEET DPRROCKAWAY30,102 32 St,11691,1.0,0.0,ChargePoint Network,40.592503,-73.762802,J1772,
123 Leonard St,123 Leonard S,10013,4.0,0.0,FLO,40.716079,-74.002165,J1772,
532 Neptune Upper Parking,532 Neptune Ave,11211,8.0,0.0,Non-Networked,40.57978,-73.97439,J1772,PARKING_GARAGE
DEEPDALE MANAGEMENT,249-31 61st Ave,11362,2.0,0.0,ChargePoint Network,40.757564,-73.728618,J1772,
Dime,260 S 4th St,11211,0.0,15.0,REVEL,40.70983,-73.95767,J1772COMBO TESLA,PARKING_GARAGE
VNB NB 1,1064 Tompkins Ave.,10305,1.0,0.0,ChargePoint Network,40.600894,-74.063265,J1772,
430809 : Avalon Riverview North,4-75 48th Avenue,11109,5.0,0.0,Blink Network,40.7449626,-73.9568845,J1772,
NYC Parking 155 East 76th Street Garage Corp.,155 East 76th Street,10021,6.0,0.0,Blink Network,40.77292688873804,-73.95955810985014,J1772,
Jeffrey Gardens Public Access,47-14 217th St,11361,1.0,0.0,AMPED_UP,40.75717,-73.76397,J1772,MULTI_UNIT_DWELLING
The 19th Ave Condominium,886 Dahill Road,11204,4.0,0.0,Blink Network,40.626403,-73.977822,J1772,
CITYLIGHTS 5TH FLOOR 1,4-74 48th Ave,11109,2.0,0.0,ChargePoint Network,40.744127,-73.95684,J1772,
CITYLIGHTS 5TH FLOOR 2,4-74 48th Ave,11109,2.0,0.0,ChargePoint Network,40.744152,-73.956666,J1772,
Beitel Group,1021 38th Street,11219,2.0,0.0,Blink Network,40.6449449,-73.9914684,J1772,
COM1-1 COM1-2,365 W 25th St,10001,0.0,1.0,ChargePoint Network,40.747434,-74.000085,CHADEMO J1772COMBO,
COM1-1 COM1-1,372 W 25th St,10001,0.0,1.0,ChargePoint Network,40.747486,-74.000069,CHADEMO J1772COMBO,
The Bridge Towers 7,1370 St Nicholas Ave,10033,5.0,0.0,Blink Network,40.847563,-73.934481,J1772,
Bridge Towers Location 2,1365 St Nicholas Ave,10033,3.0,0.0,Blink Network,40.847958,-73.935109,J1772,
NYC FLEET DPRWFMARNA_4_L3,109-5 Marina Rd,11368,0.0,1.0,ChargePoint Network,40.760345,-73.85546,CHADEMO J1772COMBO,
NYC FLEET DPRWFMARNA_5_L3,109-5 Marina Rd,11368,0.0,1.0,ChargePoint Network,40.76038,-73.85531,CHADEMO J1772COMBO,
NYC FLEET DPRWFMARNA_3_L3,109-5 Marina Rd,11368,0.0,1.0,ChargePoint Network,40.760345,-73.85537,CHADEMO J1772COMBO,
NYC FLEET DPRWFMARNA_2_L3,109-5 Marina Rd,11368,0.0,1.0,ChargePoint Network,40.76033,-73.855286,CHADEMO J1772COMBO,
1 WATERLINE STATION#10,10 Riverside Blvd,10069,2.0,0.0,ChargePoint Network,40.772896,-73.992546,J1772,
1 WATERLINE STATION#9,10 Riverside Blvd,10069,2.0,0.0,ChargePoint Network,40.772916,-73.99263,J1772,
Ravel Hotel,8-08 Queens Pl S,11101,2.0,0.0,TURNONGREEN,40.75402,-73.9493,J1772,HOTEL
Starbucks - Tesla Supercharger,3035 Cropsey Ave,11224,0.0,12.0,Tesla,40.581652,-73.985056,J1772COMBO TESLA,PARKING_LOT
Circuit Chargers (Rockaway Hotel),108-03 Beach Channel Dr,11694,8.0,0.0,Non-Networked,40.5815,-73.8388,J1772,HOTEL
PLAZA HYUNDAI PUBLIC LEVEL 3,2705 Nostrand Ave.,11210,0.0,1.0,ChargePoint Network,40.618364,-73.945066,CHADEMO J1772COMBO,
540 WAVERLY 1,540 Waverly Ave,11238,2.0,0.0,ChargePoint Network,40.682176,-73.96585,J1772,
540 WAVERLY 2,540 Waverly Ave,11238,2.0,0.0,ChargePoint Network,40.681764,-73.965799,J1772,
540 WAVERLY 4,510 Waverly Ave,11238,2.0,0.0,ChargePoint Network,40.682163,-73.966003,J1772,
540 WAVERLY 5,510 Waverly Ave,11238,2.0,0.0,ChargePoint Network,40.682187,-73.965853,J1772,
540 WAVERLY 3,510 Waverly Ave,11238,2.0,0.0,ChargePoint Network,40.682187,-73.965917,J1772,
PLAZA HONDA PUBLIC LEVEL 3,2705 Nostrand Avenue,11210,0.0,1.0,ChargePoint Network,40.618355,-73.945087,CHADEMO J1772COMBO,
351 E 83rd Street,351 East 83rd St,10028,4.0,0.0,LIVINGSTON,40.77533,-73.95108,J1772,
SWTCH Energy Inc.,10 Montieth St,11206,10.0,0.0,SWTCH,40.7012,-73.9357,J1772,MULTI_UNIT_DWELLING
10 Reade St,10 Reade St,10007,2.0,0.0,FLO,40.713898,-74.00434,J1772,
Jerome-Gun Hill Road Municipal Parking Garage,3510 Jerome Ave,10467,4.0,0.0,EV Connect,40.883002,-73.880698,J1772,
CENTERS HEALTHC EV-5,170 Buffalo Avenue,11213,2.0,0.0,ChargePoint Network,40.673563,-73.926284,J1772,
CENTERS HEALTHC EV-2,170 Buffalo Avenue,11213,2.0,0.0,ChargePoint Network,40.673561,-73.926135,J1772,
CENTERS HEALTHC EV-3,170 Buffalo Avenue,11213,2.0,0.0,ChargePoint Network,40.673561,-73.926143,J1772,
CENTERS HEALTHC EV-4,170 Buffalo Ave,11213,2.0,0.0,ChargePoint Network,40.673237,-73.925718,J1772,
CENTERS HEALTHC EV-6,170 Buffalo Ave,11213,2.0,0.0,ChargePoint Network,40.673186,-73.925637,J1772,
CENTERS HEALTHC EV-7,170 Buffalo Avenue,11213,2.0,0.0,ChargePoint Network,40.673563,-73.926362,J1772,
CENTERS HEALTHC EV-8,170 Buffalo Avenue,11213,2.0,0.0,ChargePoint Network,40.673181,-73.926415,J1772,
CENTERS HEALTHC EV-9,170 Buffalo Ave,11213,2.0,0.0,ChargePoint Network,40.673233,-73.925648,J1772,
CENTERS HEALTHC EV-10,170 Buffalo Ave,11213,2.0,0.0,ChargePoint Network,40.6732,-73.925696,J1772,
165 E 77 ST Garage,165 E 77th Street,10075,1.0,0.0,Blink Network,40.773528,-73.959538,J1772,
C W TOYOTA SERVICE DEPT,3333 Boston Rd,10469,1.0,0.0,ChargePoint Network,40.874265,-73.852887,J1772,
CENTERS HEALTHC EV-1,170 Buffalo Avenue,11213,2.0,0.0,ChargePoint Network,40.673435,-73.926002,J1772,
919 Third Avenue,919 3rd Avenue,10022,1.0,0.0,Blink Network,40.759299,-73.968603,J1772,
2 Lincoln Square,60 West 66th Street,10023,4.0,0.0,Blink Network,40.773497588162286,-73.98137367362845,J1772,
NYC FLEET DPRWFMARNA_1_L3,1 Marina Road,11369,0.0,1.0,ChargePoint Network,40.760611,-73.85697,CHADEMO J1772COMBO,
Paragon Acura,56-02 Northern Blvd,11377,0.0,2.0,Blink Network,40.75294433775417,-73.90461632141067,J1772COMBO,
NEW test by jimmy,23 E 91st Street,10128,1.0,4.0,ABM,40.7844709,-73.956859,J1772 J1772COMBO,
L&L HOLDING CO. STATION 3,425 Park Ave,10022,2.0,0.0,ChargePoint Network,40.760378,-73.971062,J1772,
L&L HOLDING CO. NUGGET L2,425 Park Ave,10022,2.0,0.0,ChargePoint Network,40.760403,-73.97105,J1772,
Parking Systems at 343 E 74th,343 E 74th St,10021,1.0,0.0,Non-Networked,40.76957,-73.95589,J1772,OFFICE_BLDG
(SP+) - 101 Lincoln Ave. Garage,101 Lincoln Ave.,10454,50.0,0.0,FLASH,40.80733842809466,-73.9300472661853,J1772,PUBLIC
25 Broadway,25 Broadway,10004,3.0,0.0,EVGATEWAY,40.70568,-74.0136,J1772,PARKING_LOT
391 Weirfield St,391 Weirfield St,11237,6.0,0.0,EVGATEWAY,40.69604,-73.90662,J1772,PARKING_LOT
101-19 Rockaway Beach Blvd,101-19 Rockaway Beach Blvd,11694,8.0,0.0,EVGATEWAY,40.58309,-73.82213,J1772,PARKING_LOT
Bronx Honda Service,1133 Zerega Ave,10462,2.0,0.0,EVGATEWAY,40.83174,-73.84485,J1772,PARKING_LOT
1240 Morrison Ave,1240 Morrison Ave,10472,3.0,0.0,EVGATEWAY,40.83051,-73.87437,J1772,PARKING_LOT
Airway Inn at LaGuardia,8220 Astoria Boulevard,11370,3.0,0.0,EVGATEWAY,40.76447,-73.8863,J1772,PARKING_LOT
Manhattan Beer Distributors,955 E 149th St,10455,2.0,0.0,EVGATEWAY,40.80549,-73.90049,J1772,PARKING_LOT
532 Neptune Avenue,532 Neptune Ave,11224,8.0,0.0,EVGATEWAY,40.57978,-73.97439,J1772,PARKING_LOT
118 E 86th Street,118 East 86th Street,10028,4.0,0.0,LIVINGSTON,40.77968,-73.95657,J1772,
300 East 34th,300 E 34th St,10016,4.0,0.0,LIVINGSTON,40.74437,-73.97561,J1772,
Rapid Park - 205 W 101st 1st Floor,205 W 101st Street,10025,4.0,0.0,LIVINGSTON,40.79766,-73.96838,J1772,
Rapid Park - 204 W 101st 1st Floor,204 W 101st Street,10025,4.0,0.0,LIVINGSTON,40.79743,-73.9687,J1772,
113 East 84th Street,113 East 84th Street,10028,4.0,0.0,LIVINGSTON,40.77866,-73.95739,J1772,
